:020000040800F2
:1000000008390020050100087D2D00080D23000897
:10001000792D0008450C00085D3300080000000041
:10002000000000000000000000000000B5300008E3
:10003000490C0008000000008D2F0008393100082D
:100040001F0100081F0100081F0100081F01000810
:100050001F0100081F0100084B0C0008870C000856
:100060001F0100089D0C0008B30C00081F010008C8
:100070001F0100081F0100081F0100081F010008E0
:100080001F0100081F0100081F0100081F010008D0
:100090001F0100081F0100081F0100081F010008C0
:1000A0001F0100081F0100081F0100081F010008B0
:1000B000013200082D3200081F0100081F0100084E
:1000C0001F0100081F0100081F0100081F01000890
:1000D0001F010008293300081F0100081F01000844
:1000E000610C00081F0100081F010008DFF810D094
:1000F00000F08AFD004800474D5E0008AFF3008025
:10010000083900200648804706480047FEE7FEE71A
:10011000FEE7FEE7FEE7FEE7FEE7FEE7FEE7FEE7B7
:10012000A9310008ED000008202A04DB203A21FA5A
:1001300002F00021704721FA02F3D040C2F1200200
:10014000914008431946704740EA01039B0703D0DA
:1001500009E008C9121F08C0042AFAD203E011F806
:10016000013B00F8013B521EF9D27047D2B201E0C8
:1001700000F8012B491EFBD270470022F6E710B5AC
:1001800013460A4604461946FFF7F0FF204610BD05
:1001900030B504460020034600E05B1C934203D2C6
:1001A000E05CCD5C401BF8D030BDF0B480EA0102C9
:1001B000D40F4200B2EB410F02D20246084611466C
:1001C0004A0042D0C30DDDB2C1F3C752AD1A202D93
:1001D00035DAC1F3160141F4000204B15242C5F10F
:1001E000200602FA06F12A411044B3EBD05F23D077
:1001F000C4B1012DA0EBC35009DCF0BC4FF00042AC
:1002000002EAC352DBB200F5000000F03BBB400045
:1002100000F1807000EBC350A0F1807040EAD17013
:10022000490009E0490841EAC071A0EBC35000F55C
:100230000000400800EBC350F0BC00F01ABB614264
:10024000012202EB4101001BF6E7F0BC704781F090
:100250000041AAE780F00040A7E780EA010210B55C
:1002600002F00043400022D04A001FD0010E01EBF3
:100270001261C0F35600C2F3560240F4000042F48B
:100280000002A0FB022000047F39140400D0401CAF
:1002900050EA124001D44000491EC2B20C0604EBE1
:1002A000D010401C4008802A02D003E0002010BD7E
:1002B00020F00100002900DA0020184310BD30B4FE
:1002C00080EA010202F0004530F0004221F00040D7
:1002D00013D090B1C30DD40DC2F31601C0F31600B4
:1002E000E41A41F4000140F400027D34914201D34C
:1002F000641C00E04900002C02DA30BC002070478A
:100300004FF400000023914201D3891A03434008AF
:100310004FEA4101F7D151B1914202D14FF0004172
:1003200005E002D24FF0010101E06FF0010103EBA3
:10033000C450284430BC00F09CBA2DE9FE4F8046E2
:1003400081EA0300C00F0C46009021F0004123F029
:100350000045B8EB0200A94105D24046214690462F
:100360001C460B46024623F00040104347D0270DA1
:10037000C7F30A00C3F30A510290401A01904028C3
:100380006BDAC3F3130040F4801B0098924620B14F
:100390000023D2EB030A63EB0B0B01985946C0F123
:1003A0004002504600F044FA06460D465046594673
:1003B000019A00F04CFA10EB08006141002487EA32
:1003C000115284EAE7731A4340D0009A62B3019A4B
:1003D000012A4FEA075215DC001B61EB02014FF0C6
:1003E000004202EA0752CDE90042001C41F58011AB
:1003F00032462B4600F0D0FA03B0BDE8F08F4046FD
:100400002146F9E7001B61EB0201001C41F5801356
:1004100000185B412018A2F5001747EB030140EAE2
:10042000D570B6196D4111E06D084FEA360645EA00
:10043000C0754FEA0752001B61EB0201001C41F539
:10044000801149084FEA30000019514132462B46CD
:1004500003B0BDE8F04F00F090BA009801224000D0
:100460000023D0EB020263EBE073009821464FEAD1
:10047000E074B8EB000061EB0401E9E783F00043AE
:100480005BE781F0004158E72DE9FE4F81EA030464
:1004900004F0004421F0004100944FF0000B23F0E1
:1004A000004350EA01045ED052EA03045BD0C3F378
:1004B0000A54C1F30A552C44A4F2F3340194A0FB6E
:1004C0000254C1F3130141F48011C3F3130343F445
:1004D000801301FB024400FB034E840A970A44EA9E
:1004E000815447EA8357A4FB076802958D0A05FBF0
:1004F00007854FEA932C04FB0C542705029D4FEA15
:10050000065847EA1637B5EB08056EEB070C870E61
:10051000920E47EA811742EA8312A7FB0201B6EB6B
:100520000B0164EB00042B0D43EA0C335E1844EB23
:100530001C50DA465146E7FB0201C5F313044FEAAB
:100540000B3343EA14534FEA0432019C43EA060397
:10055000A4F10C040294009CCDE900B400F01CFA54
:1005600003B0BDE8F08F00200146F9E72DE9F04D1A
:1005700081EA030404F0004B21F0004514464FF0DB
:10058000000A23F0004150EA050220D054EA01029B
:100590001DD0C5F30A570246C5F31303C1F3130078
:1005A000C1F30A5640F4801543F48013A7EB060804
:1005B000101BD64608F2FD3873EB050002D308F194
:1005C000010801E092185B41B8F1000F03DA002046
:1005D0000146BDE8F08D00204FF4801106468446A8
:1005E0000EE0171B73EB050705D3121B63EB050326
:1005F00006434CEA010C49084FEA300092185B416F
:1006000050EA0107EDD152EA030012D082EA040059
:1006100083EA0501084305D0101BAB4106D2012235
:10062000002306E000224FF0004302E06FF00102D9
:1006300053101AEB06004CEB085110EB0A0041EB8B
:100640000B01BDE8F04D00F098B9C10F80EAE070F1
:100650000844CA079623002100F014B9962300220B
:10066000114600F00FB90EB540F23341029100215E
:10067000CDE900110A460B4600F08EF903B000BD2B
:1006800000F0004220F00040C10DC0F3160040F41D
:1006900000007F2901DA00207047962903DCC1F1B0
:1006A0009601C84001E096398840002AF4D04042C3
:1006B000704720F00040C10DC0F3160040F4000068
:1006C0007F2901DA00207047962903DCC1F19601E9
:1006D000C840704796398840704770B5C1F30A52D8
:1006E00001F000450024C1F3130140F2FF3341F44F
:1006F00080119A4201DA002070BD40F233439A42E1
:10070000A2F2334203DC5242FFF70EFD00E09040BC
:100710002C43F1D0404270BDC1F30A5210B5C1F371
:10072000130140F2FF3341F480119A4201DA0020B4
:1007300010BD40F233439A42A2F2334203DC5242EC
:10074000FFF7F2FC10BD904010BD00F0004230F009
:1007500000400AD0C10D01F56071C0F3160042EAF5
:100760000151C208400711437047002001467047FD
:1007700030B5041E71F1000404DB4FF00044404228
:1007800064EB0101141E73F1000405DB1C464FF0FD
:100790000043524263EB04038B4208BF824230BDE8
:1007A00030B5041E71F1000404DB4FF000444042F8
:1007B00064EB0101141E73F1000405DB1C464FF0CD
:1007C0000043524263EB0403994208BF904230BD9C
:1007D00001F0004330B421F0004150EA010206D09C
:1007E0000A0DA2F56072C1F31301002A02DC30BCCD
:1007F00000207047440F44EAC104C100E01830BC37
:1008000000EBC25000F035B8002801DBC0F1004019
:10081000002901DBC1F1004181427047002801DB62
:10082000C0F10040002901DBC1F10041884270475E
:10083000202A04DB203A00FA02F1002070479140A0
:10084000C2F1200320FA03F3194390407047202A95
:1008500006DBCB17203A41FA02F043EAE07306E0E8
:1008600041FA02F3D040C2F12002914008431946F8
:1008700070470029A8BF7047401C490008BF20F0FE
:100880000100704710B4B0FA80FC00FA0CF050EA96
:10089000010404BF10BC704749B1CCF1200421FA17
:1008A00004F411FA0CF118BF012121430843A3EB12
:1008B0000C01CB1D4FEA00614FEA102042BF00201F
:1008C00010BC704700EBC35010440029A4BF10BCFB
:1008D0007047401C490008BF20F0010010BC704761
:1008E000F0B4002802DCF0BC00207047C0F3C75110
:1008F000C0F3160040F40000CA0701D14000491EB1
:100900003F2202EB6105002211464FF4000626FA51
:1009100001F31344D418844201D8001B1A46400046
:10092000491C1729F3DD5100814202D24FF0FF31FB
:1009300000E0002102EBC550F0BCFFF79ABF10B5F4
:1009400041000CD0C0F3C751962908DC7E2909DC90
:1009500006DB410204D000F0004040F07E5010BDA4
:10096000002010BDC1F19604C4F1200100FA01F18C
:10097000E040FFF77EFFA04010BD10B5141E73F1DC
:10098000000408DA401C41F1000192185B411A434F
:1009900001D120F0010010BD2DE9F04D92469B469B
:1009A00011B1B1FA81F202E0B0FA80F22032904641
:1009B000FFF73EFF04460F4640EA0A0041EA0B01FA
:1009C00053465A46084313D0114653EA010019D042
:1009D000C8F140025046FFF7A7FB05460E465046B9
:1009E00059464246FFF724FF084305D0012004E0A2
:1009F00020463946BDE8F08D0020054346EAE07602
:100A00002C4337430A986305E40AA0EB0800002250
:100A1000FD0A44EA47540A3002D500200146E9E7BE
:100A2000010510196941DDE9084500196941BDE872
:100A3000F04DA2E72DE9F04D00231A461B1A8A411A
:100A400003DB00200146BDE8F08DC1F30A52C1F37B
:100A5000130141F480154FF0000BD10702D10018AB
:100A60006D41521E0027044640F2FF11384601EB4B
:100A7000620A3E468046024600204FF48011FFF78E
:100A800053FBC2197141BB1846EB0100B4EB030CD8
:100A900075EB000C04D3E41A65EB000517460E460F
:100AA000241908F101006D4180463428E3DDF9196D
:100AB00046EB0600091BA84103D24FF0FF32134654
:100AC00001E0002213461BEB070046EB0A51BDE88C
:100AD000F04DFFF752BF00002DE9F041054621F02F
:100AE00000400C46284309D0C4F30A5040F2334179
:100AF000884205DD28462146BDE8F0812846FBE70F
:100B000040F2FE31884210DC0CDB4FEA043040EA50
:100B1000155050EA053105D0104804F0004101435A
:100B20000020E9E700200146E6E7A0F23340464214
:100B3000C6F1400228462146FFF77AFE074688465E
:100B4000284621463246FFF7EFFA43463A46FFF77A
:100B500014FF3246BDE8F041FFF76ABE0000F03FE7
:100B60002DE9F047C1F30A5401F00048054600277B
:100B7000C1F3130140F2FF3041F4801684421ADAC7
:100B8000B4F57F7F00DC841EA4F2134462429246D7
:100B900028463146FFF7C8FA04465246FFF748FE9A
:100BA00045404E40354301D0012000E0002044EA9A
:100BB000000100201BE040F2334084421ADCA4F222
:100BC000F33228463146FFF733FE0A46784051405B
:100BD000084301D0012000E0002040EA020AA4F20C
:100BE0003344624228463146FFF79EFA5146FFF7EA
:100BF00040FE03E0A4F2334405FA04F057EA080784
:100C000000D04042BDE8F087064C074D06E0E068A2
:100C100040F0010394E8070098471034AC42F6D343
:100C2000FFF768FA50A5000870A50008420005D03B
:100C3000C0F3C7525242914201DC0020704700EBE2
:100C4000C150704700BFFEE7704710B5012000F0AB
:100C50007DF9012001F0A6F8062002F095FB10BDF9
:100C600010B54FF4806000F071F94FF4006000F0AF
:100C70006DF94FF4805000F069F9282002F084FBF0
:100C800001F0C6F810BD10B5022000F05FF9022097
:100C900001F088F8072002F077FB10BD10B508209E
:100CA00000F054F9082001F07DF8092002F06CFBF7
:100CB00010BD10B5102000F049F9102001F072F8B5
:100CC0000A2002F061FB10BD704700000021074AB6
:100CD000D1610749096941F00201054A11611146D4
:100CE0004861096941F0400111617047C00000206E
:100CF000002002400022054BDA61054A126942F0E9
:100D00000102034B1A61018070470000C0000020FF
:100D10000020024000201E49C96801F0100139B1CD
:100D20001C49C96941F002011A4AD16140F0100022
:100D30001749C96801F0040139B11649C96941F080
:100D40000101144AD16140F004001149C96901F060
:100D5000010169B10F49C96941F004010D4AD1612E
:100D600000BF0B49C96921F00101094AD16100BFE7
:100D700000BF40F20111884206D10549C96921F03E
:100D80000101034AD16101E00149C86000BF704719
:100D900000200240C000002070B5044600F07AFA3E
:100DA000054609E0601C38B124B100F073FA401B1D
:100DB000A04201D9032070BD1248C06800F00100B4
:100DC0000028EFD10F48C06800F0200020B100BF1C
:100DD00020200C49C86000BF0A48C06800F010001D
:100DE00048B90848C06900F0010020B90548C0684A
:100DF00000F0040018B1FFF78DFF0120DBE70020B1
:100E0000D9E700000020024070B504460D460022DC
:100E10002946204600F038FA70BD70B504460D46EC
:100E200001222946204600F02FFA70BD70B5044615
:100E300000F030FA06462546681C10B104480078D8
:100E4000054400BF00F026FA801BA842FAD370BD0B
:100E5000100000200348006940F08000014908614B
:100E600000207047002002402DE9FE4F05468B46CA
:100E700017469846012600240020029000BF24480F
:100E8000007E012802D10220BDE8FE8F012020490A
:100E9000087600BF4CF25030FFF77EFF064686BB57
:100EA000012D02D10120029006E0022D02D1022084
:100EB000029001E00420029000241EE02201B946C5
:100EC000C24648465146FFF72FF980B201900220F2
:100ED00000FB04B000900199FFF70CFF4CF250307A
:100EE000FFF75AFF06460B48006920F00100094948
:100EF000086106B104E0601CC4B202988442DDDBE4
:100F000000BF00BF00200249087600BF3046BBE7A3
:100F1000C00000200020024000200849096901F0BB
:100F2000800151B10649054A516006495160114698
:100F3000096901F0800101B10120704700200240E1
:100F400023016745AB89EFCD7047000010B504461B
:100F500004480068204020B1024804602046FFF7A2
:100F6000F3FF10BD140401402DE9F84703460022A9
:100F700094466EE14FF0010808FA02F4D1F80080BF
:100F800008EA0400A0427DD1DFF8DCA2D1F8048099
:100F9000A8EB0A09D0453AD014DCB8F1030F50D0C1
:100FA00009DCB8F1000F31D0B8F1010F1CD0B8F155
:100FB000020F49D120E0B8F1110F18D0B8F1120F8B
:100FC00042D11EE0B9F5881F25D006DCB9F5803F77
:100FD00020D0B9F5801F37D11AE0B9F5001F18D01D
:100FE000B9F5041F30D117E0D1F80CC02DE0D1F8CD
:100FF0000C8008F1040C28E0D1F80C8008F1080CF2
:1010000023E0D1F80C8008F10C0C1EE000BF00BFFB
:1010100000BF00BF00BF00BFD1F80880B8F1000FCB
:1010200002D14FF0040C0BE0D1F80880B8F1010FA9
:1010300003D14FF0080C1C6102E04FF0080C5C611A
:1010400003E04FF0000C00E000BF00BFFF2801D814
:10105000984601E003F104084646FF2802D84FEA0B
:10106000820803E0A2F108084FEA88084746D6F84C
:1010700000804FF00F0909FA07F928EA09080CFA6D
:1010800007F900E088E048EA0908C6F80080D1F8CE
:10109000048008F08058B8F1805F7DD100BFDFF890
:1010A000CC81D8F8188048F00108DFF8C091C9F861
:1010B0001880C846D8F8188008F00108CDF80080DC
:1010C00000BF00BF4FEAB9384FEA920958F82950DB
:1010D0004FEA82784FEA18794FF00F0808FA09F8BA
:1010E00025EA0805DFF88881434502D14FF0000862
:1010F00016E0DFF88081434502D14FF001080FE090
:10110000DFF87481434502D14FF0020808E0DFF8B0
:101110006C81434502D14FF0030801E04FF0040811
:101120004FEA82794FEA197908FA09F848EA050581
:10113000DFF84C814FEA920948F82950D1F8048031
:1011400008F48038B8F5803F0AD1DFF83881D8F844
:10115000008048EA0008DFF82C91C9F8008009E017
:10116000DFF82081D8F8008028EA0008DFF8149121
:10117000C9F80080D1F8048008F40038B8F5003FC1
:1011800010D1DFF8008108F10408D8F8008048EA9F
:101190000008DFF8F09000E05AE009F10409C9F80E
:1011A00000800DE0DFF8DC8008F10408D8F800804A
:1011B00028EA0008DFF8CC9009F10409C9F800809A
:1011C000D1F8048008F48018B8F5801F0ED1DFF83C
:1011D000B48008F10808D8F8008048EA0008DFF871
:1011E000A49009F10809C9F800800DE0DFF89480A7
:1011F00008F10808D8F8008028EA0008DFF8849091
:1012000009F10809C9F80080D1F8048008F4001831
:10121000B8F5001F0ED1DFF86C8008F10C08D8F883
:10122000008048EA0008DFF85C9009F10C09C9F871
:1012300000800DE0DFF84C8008F10C08D8F8008041
:1012400028EA0008DFF83C9009F10C09C9F8008091
:10125000521CD1F8008028FA02F8B8F1000F7FF490
:1012600089AEBDE8F88700000000111000100240B0
:1012700000080140000C0140001001400014014032
:1012800008000140000401400AB1016101E00B04C3
:1012900003617047014800687047000008000020A3
:1012A0000348006803490978084401490860704709
:1012B000080000201000002010B50848006840F029
:1012C000100006490860032000F0BAF8002000F082
:1012D00007F800F02BF8002010BD000000200240AD
:1012E00070B504460E4800784FF47A71B1FBF0F007
:1012F0000C490968B1FBF0F5284600F0F7FB08B18E
:10130000012070BD102C07D200222146501E00F093
:1013100059F80548046001E00120F2E70020F0E7F9
:1013200010000020140000200C00002008B500BFB1
:101330001148806940F001000F49886108468069C2
:1013400000F00100009000BF00BF00BF0846C06968
:1013500040F08050C8610846C06900F0805000909D
:1013600000BF00BF00BF0549486820F0E06040F0C2
:101370000070486000BF08BD00100240000001403E
:1013800010B501460846002807DB00F01F030122C4
:101390009A40034B440943F8242000BF10BD0000CD
:1013A00080E200E001460846002809DB00F01F0348
:1013B00001229A4043099B0003F1E023C3F8002176
:1013C00000BF70472DE9F05F80460D4616460027A6
:1013D00002F028F8074639462A46334601F007004E
:1013E000C0F1070ABAF1040F02D94FF0040A01E074
:1013F000C0F1070AD14600F1040ABAF1070F02D280
:101400004FF0000A01E0A0F1030AD4464FF0010AB0
:101410000AFA09FAAAF1010A0AEA020A0AFA0CFA15
:101420004FF0010B0BFA0CFBABF1010B0BEA030BBA
:101430004AEA0B042146404602F010F8BDE8F09F4E
:1014400000BF00F00702064B19684FF6FF03194072
:10145000044B0B4343EA0221014B196000BF704764
:101460000CED00E00000FA0570B504460D460CB91D
:10147000012070BD5A48006800F00700A8420ED253
:101480005748006820F0070028435549086008467F
:10149000006800F00700A84201D00120E9E72078A9
:1014A00000F0020002281DD1207800F0040004287A
:1014B00005D14C48406840F4E0604A4948602078D3
:1014C00000F00800082805D14648406840F4605004
:1014D000444948604348406820F0F000A168084350
:1014E00040494860207800F0010078B36068012826
:1014F00006D13C48006800F4003090B90120B8E7FC
:101500006068022806D13748006800F0007040B9D2
:101510000120AEE73348006800F0020008B901205E
:10152000A7E73048406820F00300616808432D4970
:101530004860FFF7AFFE064609E0FFF7ABFE801BF1
:1015400041F28831884202D9032092E707E025481A
:10155000406800F00C006168B0EB810FEDD12048CD
:10156000006800F00700A8420ED91D48006820F06E
:10157000070028431A4908600846006800F0070081
:10158000A84201D0012074E7207800F0040004286C
:1015900007D11448406820F4E060E168084311492D
:1015A0004860207800F00800082808D10D484068FD
:1015B00020F46050216940EAC1000A49486000F007
:1015C00019F808494968C1F30311074A515CC8403A
:1015D0000649086006480068FFF782FE002048E7D9
:1015E000002002400010024052A400081400002015
:1015F0000C000020F0B585B00FF26C0C9CE8E010F8
:1016000001A8A0E8E0101CA52D680095002100228B
:10161000002300240020194D696801F00C05F5B184
:10162000042D02D0082D19D101E0154819E001ADB3
:10163000C1F38346AC5D01F4803555B10F4D6D6843
:10164000C5F340451DF805200D4D6543B5FBF2F38C
:1016500002E00C4D04FB05F3184602E000BF084809
:1016600000BF00BF05B0F0BD02030405060708096E
:101670000A0B0C0D0E0F10100102000000100240AA
:1016800000127A0000093D00F8B504460CB90120AB
:10169000F8BD207800F00100002878D0F8484068B4
:1016A00000F00C0004280CD0F548406800F00C0055
:1016B000082811D1F248406800F48030B0F5803F2E
:1016C0000AD1EF48006800F4003000285FD060685D
:1016D00000285CD10120DBE700BF6068B0F5803FE7
:1016E00006D1E748006840F48030E549086028E00A
:1016F000606858B9E248006820F48030E04908602A
:101700000846006820F4802008601AE06068B0F5A0
:10171000A02F0BD1DA48006840F48020D849086037
:101720000846006840F4803008600AE0D448006849
:1017300020F48030D24908600846006820F48020F8
:10174000086000BF606888B1FFF7A4FD054606E0A9
:10175000FFF7A0FD401B642801D9032098E7C84883
:10176000006800F400300028F2D010E0FFF792FD8E
:10177000054606E0FFF78EFD401B642801D90320D3
:1017800086E7BF48006800F400300028F2D12078D6
:1017900000F00200022857D1B948406800F00C0060
:1017A00050B1B748406800F00C00082818D1B44880
:1017B000406800F4803098B9B148006800F0020039
:1017C00020B12069012801D0012061E7AC48006800
:1017D00020F0F800616940EAC100A949086033E0DF
:1017E0002069E8B10120A7490860FFF753FD0546CD
:1017F00006E0FFF74FFD401B022801D9032047E711
:101800009F48006800F002000028F2D09C48006861
:1018100020F0F800616940EAC1009949086013E0CE
:10182000002098490860FFF735FD054606E0FFF700
:1018300031FD401B022801D9032029E790480068A8
:1018400000F002000028F2D1207800F008000828FB
:101850002DD1A069B8B101208B490860FFF71AFDAE
:10186000054606E0FFF716FD401B022801D90320BC
:101870000EE78348406A00F002000028F2D0012001
:1018800001F086FB13E000207F490860FFF702FDAE
:10189000054606E0FFF7FEFC401B022801D90320A5
:1018A000F6E67748406A00F002000028F2D120787E
:1018B00000F00400042873D100277148C06900F0CB
:1018C000805070B900BF6E48C06940F080506C49CC
:1018D000C8610846C06900F08050009000BF00BF9A
:1018E00001276A48006800F48070B0B96748006852
:1018F00040F4807065490860FFF7CCFC054606E0BF
:10190000FFF7C8FC401B642801D90320C0E65F48EC
:10191000006800F480700028F2D000BFE068012861
:1019200006D15748006A40F001005549086227E097
:10193000E06858B95248006A20F001005049086236
:101940000846006A20F00400086219E0E0680528F3
:101950000BD14B48006A40F0040049490862084630
:10196000006A40F0010008620AE04548006A20F081
:101970000100434908620846006A20F0040008623A
:1019800000BFE068A0B1FFF785FC054609E0FFF75E
:1019900081FC401B41F28831884202D9032077E65E
:1019A00022E03748006A00F002000028EFD012E081
:1019B000FFF770FC054608E0FFF76CFC401B41F2A6
:1019C0008831884201D9032062E62D48006A00F080
:1019D00002000028F0D1012F05D12948C06920F06C
:1019E00080502749C86100BFE069C8B324484068F7
:1019F00000F00C00082860D0E069022848D10020DF
:101A000020490866FFF746FC054606E0FFF742FC62
:101A1000401B022801D903203AE61948006800F06B
:101A200000700028F2D1206AB0F5803F07D1144839
:101A3000406820F40030A168084311494860D4E9A7
:101A4000080108430E49496821F4741108430C4900
:101A5000486001200B490866FFF71CFC054607E0BB
:101A60003DE0FFF717FC401B022801D903200FE6D9
:101A70000348006800F000700028F2D02FE000005A
:101A800000100240000042428004424200700040C8
:101A9000002014490866FFF7FDFB054606E0FFF746
:101AA000F9FB401B022801D90320F1E50E4800682C
:101AB00000F000700028F2D111E0E069012800D1A7
:101AC000E6E50948466806F48031206A814204D17F
:101AD00006F47011606A814201D00120D8E500202F
:101AE000D6E50000000042420010024070B50446F6
:101AF0002546681EB0F1807F01D301200FE0681EEB
:101B00004FF0E02148610F214FF0FF3001F0A6FCBB
:101B100000204FF0E021886107200861002070BD9F
:101B200030B502460B4600BF92F83C00012801D1B7
:101B3000022030BD012082F83C0000BF022082F864
:101B40003D00106844681068816824F070041868CB
:101B5000044310684460104D1068A8420BD0106810
:101B6000B0F1804F07D00D4D1068A84203D00C4D46
:101B70001068A84205D121F080015868014310681F
:101B80008160012082F83D0000BF002082F83C0007
:101B900000BF00BFCDE70000002C01400004004062
:101BA000000800402DE9F04104460D4614B901201B
:101BB000BDE8F08194F83D0028B9002084F83C008D
:101BC000204600F051F8022084F83D00206880682B
:101BD00044F20701884321688860211D206801F0D4
:101BE00057FB2068D0F80880206886692068076A5B
:101BF000286840EA080840F203308643A969A868CB
:101C000040EA0120064340F60C4086434FF2F000C4
:101C10008643E969E86840EA012006432869000133
:101C2000296A40EA0130064327F02207696968689B
:101C300040EA011007432068C0F8088020688661E8
:101C400020680762012084F8460084F83E000121E4
:101C50003F200155012084F8420043200155012016
:101C600084F83D000020A3E710B586B004460020AC
:101C7000029003900490059014492068884223D173
:101C800000BF1348C06940F004001149C86108460C
:101C9000C06900F00400019000BF00BF00BF08460B
:101CA000806940F0080088610846806900F00800FB
:101CB000019000BF00BFC02002900020039004905C
:101CC00002A90448FFF750F906B010BD0008004013
:101CD00000100240000C01402DE9F04304460D467F
:101CE00094F83E603F20075D94F84280432010F84E
:101CF00004906DB9012E02D1B8F1010F02D001207C
:101D0000BDE8F083022084F83E0084F8420025E01C
:101D1000042D0CD1012F02D1B9F1010F01D0012006
:101D2000EEE702213F2001554320015516E0012E28
:101D300007D1012F05D1B8F1010F02D1B9F1010F7F
:101D400001D00120DCE7022084F83E0002213F2080
:101D50000155022084F842004320015515B1042D9D
:101D60000CD105E001220021206801F0CBFA10E03F
:101D700001220421206801F0C5FA0AE001220021B5
:101D8000206801F0BFFA01220421206801F0BAFAAC
:101D900000BF00BF2068006840F0010021680860B3
:101DA0000020ADE770B5054608F058F80446012D4F
:101DB00010D0022D04D0082D16D0102D24D119E0FA
:101DC00004F0040028B11148007840F008000F49E1
:101DD000087019E004F0080028B10C48007840F0C1
:101DE00002000A4908700FE004F0020008B104F094
:101DF00077FB09E004F0010028B10448007840F0C6
:101E000020000249087000BF00BF70BD0100002023
:101E100010B509480078012800D110BD07480078A6
:101E200038B903F04FFD20B104F05AFB012008F04F
:101E30004DFA00BFF1E700004C0000200200002036
:101E400070B506480578064800F01CFB65F30200F3
:101E500004462146024800F018FB70BD38000020FF
:101E60000008014010B5CD48007800B110BDCC4845
:101E700000F008FB20F03800CA49097F01F0380162
:101E800040EA01042146C64800F0FFFA00BF6FF0A7
:101E90000100C549086100BFC14800F0F3FA20F015
:101EA0000700C049498B40EA01042146BC4800F0C4
:101EB000ECFABC48807E00F0010098B1B949097F76
:101EC00001F0080109B1012101E04FF0FF3108469E
:101ED000FEF7BBFB0446B54801682046FEF765F9EE
:101EE000B2490860AF48807E00F0020098B1AD4969
:101EF000097F01F0100109B1012101E04FF0FF312C
:101F00000846FEF7A2FB0446A84841682046FEF7B3
:101F10004CF9A6494860A348807E00F0040098B1BF
:101F2000A049097F01F0200109B1012101E04FF032
:101F3000FF310846FEF789FB04469C48816820462D
:101F4000FEF733F9994988601D2001F056FA012007
:101F5000924908709348406B00286BD194480078F0
:101F600094490978884258D093489249097800EBFF
:101F7000C1008C4948630846406B4088401E4FF0C2
:101F80008041C8628748406B00888649888508463A
:101F900090F82E00496B0979884219D08148406B2E
:101FA0000079804981F82E00084690F82E0000EB59
:101FB0008000824901EB80007A4908630846006B83
:101FC000C068400848610861C8608860486008606F
:101FD0007448006B007C7A490988484071498883BD
:101FE0000846006B0068496B4979C8406D49086232
:101FF0000846006B4068496B4979C84069494862A6
:102000000846006B8068496B4979C8406549886219
:10201000496BC88806F0C6FF0CE007F09BF86148E2
:10202000006B407C10B1002006F0BCFF042008F0DB
:1020300061F91BE763480078012801D105F01AF81F
:1020400000205849488308460068096A08445549F1
:10205000086008460068096BC96888421DD9514864
:10206000408B40F001004F49488308460068096BE7
:10207000C968401A4B4908600846006B007C00F0B4
:10208000080028B150480068401E4F49086004E02D
:102090004D480068401C4C49086042484168406A0D
:1020A00008444049486008464068096BC96888424E
:1020B0001DD93C48408B40F002003A49488308460D
:1020C0004068096BC968401A364948600846006B89
:1020D000007C00F0100028B13B484068401E3A499F
:1020E000486004E038484068401C374948602D4843
:1020F0008168806A08442B49886008468068096BBB
:10210000C96888421DD92748408B40F00400254902
:10211000488308468068096BC968401A214988606D
:102120000846006B007C00F0200028B1264880683B
:10213000401E2549886004E023488068401C2249ED
:10214000886022480078042806D11648408B1F4931
:10215000C9880840134948831248808D401E1149A0
:1021600088850846808D60B900210E4A5163114967
:102170000978491CC8B2202800D100200D490870F8
:1021800000BF0848408B12490988484005494883E8
:1021900000200249087000BF68E600003C000020F3
:1021A000000801408834002000040040F83400207A
:1021B0003500002034000020883300201C3100202E
:1021C0003A00002000000020600000204C000020A9
:1021D0003800002070B50446182C06D0212C0FD0F2
:1021E0003F2C05D07E2C0FD106E004F079F982E077
:1021F000012008F07FF87EE0022008F07BF87AE00A
:10220000082008F077F876E07F2C62DDA4F18400E6
:102210001E285DD2DFE800F00F135C5C5C5C5C5C48
:102220005C5C5C5C1C2024282C3034385C3C4044D2
:10223000484C505C5458202008F05CF848E02F4887
:10224000007800F0200010B1402008F053F83FE083
:10225000012008F045F83BE0022008F041F837E0A3
:10226000042008F03DF833E0082008F039F82FE0AA
:10227000102008F035F82BE0202008F031F827E096
:10228000402008F02DF823E0802008F029F81FE016
:10229000012008F011F81BE0022008F00DF817E00B
:1022A000042008F009F813E0082008F005F80FE012
:1022B000102008F001F80BE0202007F0FDFF07E0F8
:1022C000402007F0F9FF03E0802007F0F5FF00BF92
:1022D00010E00B480078401CC5B2FE2D00D100254F
:1022E00008480078854205D00748054909784454D4
:1022F0000348057000BF00BF70BD00004C00002007
:102300002A0000202B000020202F002000BFFEE725
:1023100008B50549C9690143034AD1611146C96934
:102320000140009100BF08BD0010024008B50549FA
:1023300089690143034A916111468969014000910D
:1023400000BF08BD0010024008B505498969014376
:10235000034A9161114689690140009100BF08BD9F
:10236000001002402DE9F04102460B461868C0F308
:102370000F2595FAA5F0B0FA80F47CE00120A0408A
:102380002840002876D0082C04D240F2011000FA30
:1023900004F106E0A4F108004FF00116864046F073
:1023A00080611869D66826EA11260F0A97FAA7F7FE
:1023B000B7FA87F700FA07F73E43D66000BF5868C0
:1023C00002EB116691FAA1FCBCFA8CFC4FEA8C0876
:1023D0004FF00F0C0CFA08FC376827EA0C0791FA4B
:1023E000A1FCBCFA8CFC4FEA8C0C00FA0CFC47EA0E
:1023F0000C07376000BF5868012802D058680928C8
:1024000038D1986802EB116691FAA1FCBCFA8CFCF9
:102410004FEA8C084FF0030C0CFA08FC376827EAE7
:102420000C0791FAA1FCBCFA8CFC4FEA8C0C00FA68
:102430000CFC47EA0C07376000BFD86802EB116656
:1024400091FAA1FCBCFA8CFC4FEA8C084FF0040C0A
:102450000CFA08FC376827EA0C0791FAA1FCBCFAD1
:102460008CFC4FEA8C0C00FA0CFC47EA0C07376036
:1024700000BF00BF641C25FA04F000287FF47EAF83
:10248000BDE8F0810146C8687047C160704710B56B
:10249000044600F0C5FD2060206800F08DFD6060FE
:1024A000606800F099FDA060606800F0A7FDE06042
:1024B00010BD10B503460A460021147B21469068E2
:1024C000014321F48060546840EA040121F4006073
:1024D000146840EA040121F48050D48940EA0401E0
:1024E00021F40050146940EA040121F48040546949
:1024F00040EA040121F40040546940EA04015964AF
:10250000002010BD016821F08001016070478168E2
:1025100021F0800181607047016841F00101016094
:102520007047C16841F00101C1607047416941F0E5
:10253000010141617047000010B5024613681C4854
:10254000824208D0B2F1804F05D01A48824202D0B0
:102550001948824204D123F070004C6840EA040319
:102560001348824208D0B2F1804F05D01148824210
:1025700002D01148824204D123F44070CC6840EA72
:10258000040313608868D06200BF0888906200BFAF
:102590000748824203D10869106300BF00BF00BF33
:1025A000506940F00100506100BF002010BD0000E4
:1025B000002C01400004004000080040014608696A
:1025C00000F001007047000070B50246012901D1FA
:1025D000002416E0042901D1012412E0102901D1C0
:1025E00002240EE0402901D103240AE0B1F5807FE6
:1025F00001D1042405E0B1F5806F01D1052400E08C
:1026000006242346064CE55C02F1180428190468E8
:10261000044DEE5C0425B540AC43046070BD000081
:1026200028A400082FA4000870B50246012901D192
:10263000002416E0042901D1012412E0102901D15F
:1026400002240EE0402901D103240AE0B1F5807F85
:1026500001D1042405E0B1F5806F01D1052400E02B
:1026600006242346064CE55C02F118042819046888
:10267000044DEE5C0825B5402C43046070BD00009D
:1026800028A400082FA400082DE9F04106460C46B6
:1026900015460127012C08D0102C0CD0B4F5807FF2
:1026A0000FD0B4F5805F18D111E02946304600F014
:1026B00087FB074612E02946304600F0BDFB07467F
:1026C0000CE02946304600F0F9FB074606E02946B3
:1026D000304600F02FFC074600E000BF00BF384640
:1026E000BDE8F08181637047C1627047826844F23F
:1026F00007039A430A438260704741627047426809
:1027000022F070020A434260704700002DE9FF4149
:1027100004460D4601270026204600F041F8002817
:1027200033D1E9686868084329690843E16841F2E0
:102730000C6291430843E060A868216921F440518C
:102740000143216100BF6869616921F4407101435F
:10275000616100BF6846FFF79AFE0E48844201D1CE
:10276000039E08E00C48844201D1029E03E00B481E
:10277000844200D1029E46B1286830B1002731461C
:1027800020462A6800F011F800BF384604B0BDE8C2
:10279000F081000000380140004400400048004043
:1027A0000146C868C0F34030704770B501EBC10303
:1027B00003EB01139400B3FBF4F301EBC10404EB4E
:1027C00001149500B4FBF5F46425B4FBF5F404EBB7
:1027D000C40505EB0414A3EB8403322404EB0313B8
:1027E0006424B3FBF4F303F0F00301EBC10404EB46
:1027F00001149500B4FBF5F46425B4FBF5F403EB88
:10280000041401EBC10303EB01139500B3FBF5F3D3
:1028100001EBC10505EB01159600B5FBF6F5642645
:10282000B5FBF6F505EBC50606EB0515A3EB850331
:10283000322505EB03136425B3FBF5F303F00F0317
:1028400023449BB2836070BD00B585B00020019029
:1028500002900390049000BF4C48806940F0100043
:102860004A4988610846806900F01000009000BF66
:1028700000BF00BF0846806940F02000886108461C
:10288000806900F02000009000BF00BF00BF084634
:10289000806940F0040088610846806900F0040007
:1028A000009000BF00BF00BF0846806940F00800EC
:1028B00088610846806900F00800009000BF00BFF2
:1028C00000224FF460413248FEF7DEFC002241F660
:1028D000FF013048FEF7D8FC00224FF448712E4823
:1028E000FEF7D2FC4FF4C04001900120029002207C
:1028F00003900320049001A92548FEF735FB4FF40F
:1029000000400190012002900020039003200490D9
:1029100001A91F48FEF728FB41F6FF0001900120A6
:102920000290002003900320049001A91948FEF7AB
:102930001BFB41F61B4001901848029001200390B8
:1029400001A91548FEF710FB4FF40040019000204C
:1029500002900220039001A90E48FEF705FB4FF4F8
:102960004870019001200290002003900320049001
:1029700001A90948FEF7F8FA002211462820FEF7BF
:1029800021FD2820FEF70EFD05B000BD001002401D
:102990000010014000080140000C0140000021101F
:1029A00010B5002211460620FEF70CFD0620FEF7AA
:1029B000F9FC002211460720FEF704FD0720FEF770
:1029C000F1FC002211460920FEF7FCFC0920FEF76D
:1029D000E9FC002211460A20FEF7F4FC0A20FEF76B
:1029E000E1FC10BD00B599B0142114A8FDF7C5FB9A
:1029F00020210CA8FDF7C1FB182106A8FDF7BDFB9F
:102A0000142101A8FDF7B9FB4FF40060FFF78EFC1D
:102A10000020ADF85000159041F61F4016900020A0
:102A20001790189014A92348FFF786FD2148FFF757
:102A300069FD01211F48FFF7F7FD60200C90002081
:102A40000D900E900F9010901190129013900CAA70
:102A500001211848FFF718FE01211648FFF7B4FDC1
:102A600000211448FFF74BFE1248FFF750FD0020ED
:102A70000690079008908DF82400ADF826004FF4DA
:102A800000500A9000200B9006A90A48FFF711FD9C
:102A90000420FFF74BFC0848019009200290022017
:102AA00003900020049001A90448FFF75BFC19B0D3
:102AB00000BD0000002C014001000104000801409D
:102AC00030B585B014216846FDF757FB0120FFF7AC
:102AD0001FFC00F09FFC05460022114600F04FF954
:102AE000044621461C2000F0A5FC1C2000F078FCC8
:102AF0000020ADF8000001904FF6FF70029000201A
:102B0000039069464FF08040FFF716FD4FF080407C
:102B1000FFF7F8FC00214FF08040FFF7E7FD0021B0
:102B20004FF08040FFF7EBFD4FF08040FFF7EFFCE8
:102B300005B030BD30B585B014216846FDF71DFBEA
:102B40000220FFF7E5FB00F065FC05460022114678
:102B500000F015F9044621461D2000F06BFC1D20F5
:102B600000F03EFC0020ADF8000001904FF6FF7031
:102B700002900020039069460948FFF7DDFC0848F1
:102B8000FFF7C0FC00210648FFF7B0FD0021044814
:102B9000FFF7B5FD0248FFF7BAFC05B030BD0000F5
:102BA0000004004000B58BB0242102A8FDF7E5FA2F
:102BB00000200090019019481949086003204860DE
:102BC0000021174881604FF6FF71C160002101614B
:102BD00081610320029000200390012004900020D6
:102BE00005900F20069000200790012008900020FB
:102BF00009900F200A9002A90948FEF7D3FF08B1F7
:102C0000FEF762F800200090019069460448FEF744
:102C100087FF08B1FEF758F80BB000BD0008004070
:102C2000780000202DE9F0418CB01C2105A8FDF7AB
:102C3000A4FA14216846FDF7A0FA4FF48040FFF78C
:102C400083FB0420FFF780FB45480090092001909A
:102C5000032002900020039069464248FFF782FB60
:102C6000414800900420019069463E48FFF77AFBF6
:102C700025213E4B1B68C3F3022000242546034652
:102C8000C3F1070CBCF1040F02D94FF0040C01E0B2
:102C9000C3F1070C674603F1040CBCF1070F02D225
:102CA0004FF0000C01E0A3F1030C66464FF0010C5D
:102CB0000CFA07FCACF1010C0CEA040C0CFA06FC53
:102CC0004FF0010808FA06F8A8F1010808EA05081B
:102CD0004CEA080200BF002904DB1007030E244859
:102CE000435407E01007040E20480C3001F00F0396
:102CF0001B1FC45400BF2520002809DB00F01F0261
:102D0000012191404209920002F1E022C2F8001133
:102D100000BF4FF4E1300590002006900790089026
:102D20000C20099000200A900B9005A91148FFF78C
:102D3000EDFC00BF0F48006920F490400D49086188
:102D40000846406920F02A00486100BF00BF0846DD
:102D5000C06840F40050C86000BF0CB0BDE8F0810E
:102D60000200020400080140040004040CED00E02D
:102D700000E400E00038014000BFFEE77047F0B516
:102D800003460C4603F00701C1F10700042801D9EE
:102D9000042001E0C1F107000646081D072801D202
:102DA000002000E0C81E05460120B040401E204023
:102DB000A8400127AF407F1E17403843F0BD0000F8
:102DC00070B50246106A20F001001062136A55685F
:102DD000946924F0030424F070000E6840EA0604AD
:102DE00023F002000E6940EA060323F001004E685A
:102DF00040EA06030F48824213D123F008004E69CF
:102E000040EA860323F004008E6840EA860325F436
:102E100080708E6940EA060525F40070CE6940EAAC
:102E2000460555609461C868506300BF1362002076
:102E300070BD0000002C01402DE9F04104460D4614
:102E4000206A20F010002062266AD4F80480A76966
:102E500027F4407727F4E040296840EA012726F06C
:102E60002000296940EA011626F01000696840EA4E
:102E700001161148844213D126F08000696940EAA6
:102E8000811626F04000A96840EA811628F4806087
:102E9000A96940EA810828F40060E96940EAC108AC
:102EA000C4F80480A7612046E968FFF71BFC26628E
:102EB0000020BDE8F0810000002C014070B5024602
:102EC000106A20F480701062136A5568D46924F087
:102ED000030424F070000E6840EA060423F4007036
:102EE0000E6940EA062323F480704E6840EA062308
:102EF0000F48824213D123F400604E6940EA8623D2
:102F000023F480608E6840EA862325F480508E6921
:102F100040EA061525F40050CE6940EA4615556092
:102F2000D461C868D06300BF1362002070BD000088
:102F3000002C014070B50246106A20F480501062E7
:102F4000146A5568D36923F4407323F4E0400E6893
:102F500040EA062324F400500E6940EA063424F4C3
:102F600080504E6840EA06340748824204D125F476
:102F700080408E6940EA86155560D361C868106448
:102F800000BF1462002070BD002C0140704700009B
:102F900008B508490968C9084FF47A72B1FBF2F123
:102FA0004143009100BF00BF00994A1E00920029D2
:102FB000F9D108BD14000020014600BF0448406854
:102FC00000F0F0000009034A125C21FA02F0704799
:102FD0000010024052A40008014600BF05484068A6
:102FE00000F4E060044A02EB1020027821FA02F0BB
:102FF000704700000010024062A40008014600BFB4
:103000000548406800F46050044A02EBD020027882
:1030100021FA02F0704700000010024062A400088C
:1030200010B5002400BF0B48406800F00C0020B130
:10303000042804D0082808D103E0074C07E0064C18
:1030400005E000F00BF8044601E0034C00BF00BFB0
:10305000204610BD0010024000127A00002100221C
:1030600000BF1148406800F4803002461AB1B2F542
:10307000803F0CD101E00D490BE000BF0A484068D9
:10308000C0F34040401C0A4BB3FBF0F101E007499C
:1030900000BF00BF00BF0448406800F47010022366
:1030A00003EB9040484370470010024000093D0088
:1030B00000127A007047000010B50C4890F86000CC
:1030C000012804D141020A48FDF79EFE04E04FF4B6
:1030D00000710748FDF7A1FE00BF0648406C20F4D0
:1030E00000400449486400BF10BD0000A03000202B
:1030F000000C0140002C014010B50C4890F8600015
:10310000012804D141020A48FDF787FE04E04FF48C
:1031100000710748FDF778FE00BF0648406C40F498
:1031200000400449486400BF10BD0000A0300020EA
:10313000000C0140002C014010B5FEF7B1F810BDA5
:1031400000B58FB0282105A8FDF717F814216846AF
:10315000FDF713F801200590000406900020079069
:103160000120099002200C90C1030D914FF4E01151
:103170000E9105A8FEF788FA08B1FDF7A5FD0F200E
:10318000009002200190002002904FF48060039094
:103190000020049002216846FEF766F908B1FDF7A9
:1031A00093FD0FB000BD00001148006840F0010021
:1031B0000F490860084640680E4908400C494860BD
:1031C000084600680C49084009490860084600683C
:1031D00020F4802008600846406820F4FE00486023
:1031E0004FF41F008860C80304490860704700005E
:1031F000001002400000FFF8FFFFF6FE08ED00E0BF
:1032000010B54FF08040FFF7D9F968B100BF6FF0FB
:1032100001004FF08041086100BF00214FF0804065
:10322000FFF76BFAFEF71EFE10BD000010B5164842
:10323000FFF7C4F938B300BF6FF00100124908610D
:1032400000BF00211048FFF758FA1D20002817DBA7
:1032500000F01F02012191400C4A430942F823105B
:1032600000BF00BF00BFBFF34F8F00BF00BF00BF54
:1032700000BF00BF00BFBFF36F8F00BF00BF00BF24
:1032800000BFFEF7DDFD10BD0004004080E100E05E
:1032900010B50268184B984208D0B0F1804F05D0A5
:1032A000164B984202D0164B984203D122F070027E
:1032B0004B681A43104B984208D0B0F1804F05D0AC
:1032C0000E4B984202D00E4B984203D122F440722A
:1032D000CB681A4322F080034C6943EA040202607F
:1032E0008B68C3620B688362034B984201D10B6900
:1032F00003630123436110BD002C01400004004022
:103300000008004030B501F01F05012404FA05F360
:10331000046A9C430462046A01F01F0502FA05F581
:103320002C43046230BD000010B500BF0A48C068DD
:10333000C0F3401070B100BF07484068C4B200BF7E
:103340002046FEF747FF00BF6FF0200002490860EB
:1033500000BF00BF10BD00000038014000BFFEE705
:103360004100080218BF04200A0E18BF40F00100F7
:103370004FF07F4232EA010108BF40F0020001280D
:1033800008BF052070470000002807DB00F01F027F
:1033900001219140024A430942F82310704700007E
:1033A00080E200E0002817DB00F01F0201219140BD
:1033B0000A4A430942F8231000BF00BF00BFBFF311
:1033C0004F8F00BF00BF00BF00BF00BF00BFBFF3F3
:1033D0006F8F00BF00BF00BF7047000080E100E0BA
:1033E000002809DB00F01F020121914042099200F0
:1033F00002F1E022C2F800117047002809DB00F05A
:103400001F02012191404209920002F1E022C2F81C
:103410000011704702480068C0F3022070470000A6
:103420000CED00E002480068C0F302207047000085
:103430000CED00E010B5002804DB0A07130E054A66
:10344000135406E00A07140E034A00F00F031B1F73
:10345000D45410BD00E400E018ED00E010B50028E1
:1034600004DB0A07130E054A135406E00A07140E7C
:10347000034A00F00F031B1FD45410BD00E400E00A
:1034800018ED00E00121FDF7D1BBFCF78EBE002155
:103490000846FCF714BF6FF05E010807FDF7C6BBD6
:1034A0002DE9F04D0D4614464FF07F41B1EB440F2E
:1034B0009EBF4FF0FF312960BDE8F08D4FF0004016
:1034C00040EA0421C4F3C750783810F01F024A4B79
:1034D0004FEA601CC2F120067B44C4F3C750A0F140
:1034E00078004FEA601003EB800053F82C3008BFDF
:1034F000D0E901C612D0D0F804C093402CFA06F7E8
:103500003B4387680CFA02FC27FA06F8C06807FA02
:1035100002F2F0404CEA080C42EA0006A3FB01323A
:10352000ACFB01C0A6FB016101EB0C068E4234BF6F
:103530004FF0010C4FF0000CC1186144BCF1000FBA
:1035400002D0814202D903E0814201D2012000E091
:103550000020104400F120024FEA92188006CA0CA5
:1035600040EA42304F03C5F80080FDF76EF882460E
:103570003846FDF773F86FF01201FDF757FB074669
:103580003046FDF76BF86FF02501FDF74FFB8346E2
:1035900039465046FCF709FE5946FCF706FE00F591
:1035A00000666FF30B0651463046FCF750FE394675
:1035B000FCF74DFE5946FCF74DFE1049FCF74DFE59
:1035C00007460F493046FCF748FE3946FCF7EDFD4B
:1035D00007460C493046FCF740FE3946FCF7E5FD4E
:1035E00014F0004F08BFBDE8F08DC8F1805180F0A5
:1035F00000402960BDE8F08DFC6F0000DB0FC92F93
:1036000022AAFD290000C92F02E008C8121F08C124
:10361000002AFAD170477047002001E001C1121F53
:10362000002AFBD170470000014908607047000084
:10363000480000202DE9F04104460F463E6803F0A3
:103640003BFD00213046FDF7DFF801D8BDE8F081F1
:103650004FF07E513046FDF7E1F801D24FF07E5633
:10366000FF2C13D100250EE0114840F825601149C8
:1036700051F825003146FCF7F0FD0D490C3141F8B9
:103680002500681CC5B2032DEEDB0EE0032C0CDA1E
:10369000074840F82460074951F824003146FCF7F8
:1036A000DCFD03490C3141F8240000BFCEE70000E7
:1036B00004310020B83000202DE9F0474FF0684277
:1036C00002EB40030C460546B3F1654F3CBF02EBED
:1036D0004102B2F1654F80F0CD8000BFC0F3C75208
:1036E000C1F3C753D21A1B2A06DD10F0004F14BFD6
:1036F00087488848BDE8F08712F11A0F2FDA11F0D9
:10370000004F06D010F0004F0CBF83488348BDE83F
:10371000F08721462846FCF7D2FD0646FFF720FE3B
:10372000042808BFFFF7B7FE2846FFF719FE054635
:103730002046FFF715FE04463046FFF711FE042D24
:1037400018BF052D08D1042C18BF052C04D1002862
:1037500004BF0220FFF768FF3046BDE8F087420053
:10376000B2EB410F25D910F0004F19BF6C4F6D4ED1
:103770006D4F6E4E224685F0004415460A4680F095
:10378000004110460A1A5200B2F1807F3ED24840F2
:103790006749DFF8A0A110F0004F18D04FF03F4864
:1037A0003846FCF754FD074651463046FCF74FFDBE
:1037B00017E011F0004F04BF00263746E2D010F0AA
:1037C000004F19BF5C4F5D4E5D4F5E4EDAE74FF024
:1037D0007C583846FCF7E9FC074651463046FCF772
:1037E000E4FC064641462846FCF737FD2146FCF737
:1037F000DCFC824621464046FCF72FFD2946FCF7BB
:1038000029FD5146FCF75BFD044604E021462846AD
:10381000FCF755FD04460146FCF71FFD80464A496A
:10382000FCF71BFD4949FCF7C0FC4146FCF715FDC0
:103830004749FCF7BAFC4146FCF70FFD4549FCF748
:10384000B4FC4146FCF709FD4349FCF7AEFC0546D4
:1038500041462046FCF701FD2946FCF7FEFC3146B7
:10386000FCF7A3FC2146FCF7A0FC3946BDE8F04775
:10387000FCF79BBC4FF07F42B2EB400F28BFB2EB8E
:10388000410F03D2BDE8F047FFF7FFBD40EA010357
:103890005B0008BF44F0FF410AD0B2EB400F08BF05
:1038A000B2EB410F06D125F0804024F0804105465F
:1038B0000C4613E7B2EB400F12BF5FEA410345F03D
:1038C000FF4004F000413FF409AFB2EB410F12BFDB
:1038D0005FEA400205F0004044F0FF413FF4FEAED5
:1038E0004A0092EA40033FF5F9AE002AACBF4FF020
:1038F0009F464FF03E563146FCF7AFFC0546314639
:103900002046FCF7AAFC044628462146E6E60000CD
:10391000DB0FC9BFDB0FC93FDB0F4940DB0F49C0DD
:103920000000C9BF22AAFDB90000C93F22AAFD3983
:103930000060ED3EC30ACE37000049C022AA7DBA1E
:103940000000494022AA7D3A2DAD65BD8FB8D53D16
:103950000FB511BE61C84C3EA8AAAABE2DE9F04120
:10396000C1F30A52A2F2FF362F4A304B0D460446ED
:10397000142E2FDA002E12DAFCF7DFFC0022134699
:10398000FCF70EFF4CD2002DBCBF4FF000450024C9
:1039900046DB55EA040018BF254D19D140E0DFF899
:1039A00094C02CFA06F705EA070C5CEA040C08BF81
:1039B000BDE8F081FCF7C1FC00221346FCF7F0FEE5
:1039C0002ED2002D03DD4FF48010F0400544BD439E
:1039D000002425E0332EC8BFBDE8F081A6F1140C09
:1039E0004FF0FF3727FA0CF73C4208BFBDE8F081E3
:1039F000FCF747FD00221346FCF7D2FE10D2002D43
:103A00000DDD142E08BF6D1C09D0C6F13400012154
:103A100001FA00F02044A04238BF6D1C0446BC43AC
:103A200029462046BDE8F0819C7500883CE4377E3D
:103A30000000F03FFFFF0F002DE9F041C0F3C75138
:103A4000A1F17F050446172DA8BFBDE8F0814FF016
:103A50007F471549002D0EDAFCF7A7FBB7EB400FA7
:103A60001ED300281CDD002CC8BF4FF07E54B8BF09
:103A70004FF0004414E00D4A22FA05F6344208BF24
:103A8000BDE8F081FCF791FBB7EB400F08D30028AD
:103A900006DD002C03DD4FF40000E8400444B4438D
:103AA0002046BDE8F0810000CAF24971FFFF7F00A7
:103AB0002DE9F05F05464FF00009002416E055F8A7
:103AC0002400FCF742FE074600221346FCF750FE96
:103AD0000AD055F8241055F82400FCF7BEFB074621
:103AE0004946FCF762FB8146601CC4B2032CE6DB4E
:103AF000484605F0D7FA81464846FCF726FE0746B9
:103B00003A460B4600200B49FCF730FD8246FCF795
:103B10005FFE0646002408E055F824003146FCF715
:103B20009CFB45F82400601CC4B2032CF4DB48461F
:103B3000BDE8F09F0000F03F002000BF0749C968C2
:103B400001F4005109B140F0010000BF0349C96808
:103B500001F4804109B140F00200704700100140BB
:103B600010B500F025F810BD10B504460E48407899
:103B700000B110BD14B900F01BF80FE004F04000D4
:103B800020B14FF400510948FDF747F904F08000D7
:103B900020B14FF480410548FDF73FF9002002496C
:103BA000087300BFE5E700004C0000200010014052
:103BB00010B54FF400510448FDF726F94FF4804149
:103BC0000148FDF721F910BD0010014010B5044671
:103BD00005480078022800D110BD03F06DFA204698
:103BE000FFF7C2FF00BFF7E74C0000202DE9F843C4
:103BF000044602464F486946B0EB420F09D94FF0E0
:103C0000E640B0EB420F94BF00204FF0FF30009031
:103C100030E0494B22F00040834271D947492046A9
:103C2000FCF71BFBFCF78BFE8046FCF729FD00F040
:103C30000300009042494046FCF70FFB054641490E
:103C40004046FCF70AFB06463F494046FCF705FBA9
:103C500007463E494046FCF700FB2146FCF7FAFACE
:103C60003946FCF7F4FA3146FCF7F1FA2946FCF73D
:103C7000EEFA04462546009C002C45DB294614F04C
:103C8000010F08461CD0FCF7E8FA06463049FCF75D
:103C9000E4FA3049FCF7DEFA3146FCF7DEFA2E4949
:103CA000FCF783FA3146FCF7D8FA2946FCF7D5FA37
:103CB0002946FCF77AFA14F0020F1CD0BDE8F8830D
:103CC000FCF7CBFA05462549FCF7C7FA2449FCF76F
:103CD0006CFA2946FCF7C1FA2249FCF766FA294634
:103CE000FCF7BBFA4FF07E51FCF75FFA14F0020FBD
:103CF00008BFBDE8F88380F00040BDE8F883FFE727
:103D00001046FFF7CDFBB4E76800B0F17F4F3CBF32
:103D10004FF07E50BDE8F88307D14FF00100FFF768
:103D200083FCBDE8F843FFF7B2BB2846BDE8F84383
:103D3000FFF7A8BBB61F927E490E494683F9223F82
:103D40001A61342C0020A23300A0FD390000C93FC5
:103D5000336D4C39DA82083CA0AA2ABEB93AB2BA0D
:103D6000CA9F2A3DDDFFFFBE002107E042F6E06169
:103D700000BF0A1EA1F1010399B2FAD1021EA0F1FF
:103D8000010398B2F2D170472DE9F05F81460C46ED
:103D900016494846FCF761FA8346FCF7D6FC07460D
:103DA000FFF7DCFD0546FCF7B7FC1FFA80FA13E0CD
:103DB0000F48407808B1BDE8F09F14B903F0F0FC5B
:103DC00007E003F0A1FA0A48807800F0020000B191
:103DD000F1E73220FDF72AF8BAF10000AAF101015B
:103DE0001FFA81FAE4DC00BFE5E700000000A04113
:103DF0004C0000202DE9F0411C4D1D4C6E14FDF7C8
:103E00008BF82846FCF762FF4CF25030FCF7C4FFF9
:103E10001848006920F002001649086120E0208857
:103E20004FF6FF71884208D034F8027B3A460023EF
:103E300029460120FDF718F800E0A41C20884FF661
:103E4000FF71884208D034F8027B3A460023A91C4F
:103E50000120FDF709F800E0A41C301F86B22D1DDB
:103E6000002EDCDCFCF7F6FFBDE8F08100FC00086A
:103E7000530100200020024001460148405C704789
:103E80005301002000200F4900BF07E00E4A024402
:103E900092F8002C01F8012B421C90B2B0F5806F13
:103EA000F4D3084A12780D2A0AD00649002004E00B
:103EB000FF2201F8012B421C90B2B0F5806FF7D3BE
:103EC000704700005301002000F00008014A11541F
:103ED00070470000530100202DE9F041C1F30A5260
:103EE000A2F2FF362F4A304B0D460446142E2FDA2D
:103EF000002E12DAFCF721FA00221346FCF750FCE0
:103F00004CD2002DA4BF0024254647DA25F00040FE
:103F1000204318BF254D41D018E0DFF894C02CFA9B
:103F200006F705EA070C5CEA040C08BFBDE8F0815F
:103F3000FCF703FA00221346FCF732FC2ED2002DC8
:103F400003DA4FF48010F0400544BD43002425E01F
:103F5000332EC8BFBDE8F081A6F1140C4FF0FF3737
:103F600027FA0CF73C4208BFBDE8F081FCF789FA5C
:103F700000221346FCF714FC10D2002D0DDA142E8B
:103F800008BF6D1C09D0C6F13400012101FA00F010
:103F90002044A04238BF6D1C0446BC43294620463D
:103FA000BDE8F0819C7500883CE4377E0000F0BFDE
:103FB000FFFF0F0001B5B0B04C21F748FCF7DDF86A
:103FC0000F22F649F448401CFCF7BEF800202E9062
:103FD0002A9029902890279026902590249023902D
:103FE00030980078242809D1239840F001002390CC
:103FF0000120E94948700021E748817000201E90A7
:104000001D90239800F0010010B10320219001E0E1
:1040100000202190DAE29DF884103098405C2090D6
:104020002098412802DB20985A2802DD012031B077
:1040300000BD9DF88400401CC0B221901FAA21A998
:10404000309803F071FC08B90220F0E71F98FCF7E4
:104050007CFBCDE9100106F075F9CDE91201FCF702
:104060005BFBC0B21E901E98FCF7F8FA0D901F99EA
:10407000FCF7F0F8CA490E90FCF7EFF80F90FCF748
:1040800064FBCDE9100104F0A9FACDE91201FCF7B7
:1040900043FB80B21D902098472802D04D2873D151
:1040A0002FE11E982B2870D024DC12286ED010DC53
:1040B000032873D006DC00286DD001286CD00228BC
:1040C00068D16AE0042840D00A2832D01128F7D1FC
:1040D00095E01C282ED006DC13287DD014287CD037
:1040E0001528EDD1B8E01E2825D0262857D028283D
:1040F000E6D1BAE03B2871D00ADCA0F131000A28F1
:1041000048D2DFE800F0B6E5E5E523D1D2D3D4D537
:104110005B287FD006DC3D286FD0502846D05A2837
:10412000CED176E05C2807D05D2867D05E28C7D165
:1041300088E000BF00BF00BF1D9828B92E9808B1C5
:10414000182074E701202E9000BF00BF00202290AD
:1041500091491E9808701E981C2805D01E981E288C
:1041600002D01E985C280ED11D9820B11D980A28F7
:1041700001D014205BE7884801781D9808448649DF
:10418000087000201D90A5E05FE171E038E005E0D7
:1041900001E001E09CE000BF00BF00BF00BF2E981F
:1041A00008B1182043E702202E9000BF0120229082
:1041B00079491E9848701E9826281CD11D981428ED
:1041C0000DD01D981E280AD01D98282807D01D98AC
:1041D000322804D014202AE713E03CE069E00A21E9
:1041E0001D9890FBF1F064306B49497808446A49A6
:1041F000487000201D906DE00CE062E021E000BFFF
:1042000000BF022022901E981138C1B2624841714D
:1042100060E000BF1D9838B9032022901E985A38DC
:10422000C1B25D4801710BE0042022901D980A285C
:1042300002D11E985A2801D11420F8E600201D90C2
:1042400048E000BF052022901E98C0F15E00C1B278
:10425000514881703EE000BF062022901E98C0F1B8
:104260001500C1B24C48C17034E00720229031E003
:1042700000BF082022902E9808B11820D7E603200E
:104280002E901E98312803D100214348817108E007
:104290001D980A2803D101213F48817101E01420B3
:1042A000C5E600201D9015E000BF00BF00BF00BFA5
:1042B00000BF092022901E983638C1B23648C1711D
:1042C00008E00A2022901D9808B11420AFE601E012
:1042D0001420ACE600BF1D98002801DD1720A6E6DB
:1042E0000121229801FA00F02599084008B1152013
:1042F0009DE60121229801FA00F0259908432590B6
:1043000063E11D98002801DD172090E61E9808281B
:104310004FD007DC082871D2DFE800F01516172A05
:104320002B2C834A3F2863D006DC092842D01E2864
:104330000CD03E2875D155E0422860D0432864D087
:1043400064286ED167E000BF00BF00BF0B20229041
:104350001E9810B1012805D103E003210E48017217
:1043600004E003E00C491E98087200BF00BF5AE049
:1043700000BF00BF0C2022901E98032804D0042800
:1043800006D0052812D10DE01021034881720DE0FE
:1043900020210148817209E09C050020540500207D
:1043A0000000C8420021F748817200BF00BF3AE018
:1043B00000BF00BF0D2022901E98072804D00828B7
:1043C00006D009280CD107E08021EE48417207E0B1
:1043D0004021EC48417203E00021EA48417200BFED
:1043E00000BF20E00F2022900121E64801731AE06F
:1043F0000F2022900221E348017314E011E00F2006
:1044000022900121DF4841730DE00F20229001210D
:10441000DC48817307E00F2022900121D948C17345
:1044200001E0142003E600BF0121229801FA00F008
:104430002599084008B11520F9E50121229801FAD3
:1044400000F0259908432590BFE0209845381628AC
:104450006FD2DFE800F00B12929218222C36923DB8
:10446000924D53595F65929292747E8810202290EB
:10447000C4491E9881F8440081E000202290C1497F
:104480001F9808617BE001202290BE481F9941617E
:10449000269840F00100269071E002202290B94851
:1044A0001F998161269840F00200269067E0032062
:1044B0002290B4481F99C161269840F004002690CC
:1044C0005DE004202290AF491E9881F8200056E05C
:1044D000052022901F98FCF738F9CDE9100105F06E
:1044E00031FFCDE91201FCF7F8F8A649486246E031
:1044F00006202290A3481F99816240E0112022905B
:10450000A0481F9981643AE0072022909D481F9996
:10451000C16234E0082022909A481F9901632EE07E
:104520000920229098491F98FCF778F902D226209A
:104530007DE522E093491E9881F834001FE00A20AF
:10454000229090481F998163279840F0010027909E
:1045500015E00B2022908B481F99C163279840F0EB
:10456000020027900BE00C20229086481F990164DE
:10457000279840F00400279001E0142057E500BF81
:104580000121229801FA00F02499084008B119206D
:104590004DE50121229801FA00F040F26131084016
:1045A00058B11F98FCF7D1F800221346CDE912014B
:1045B000FCF7DEF801D2042039E50121229801FA46
:1045C00000F024990843249000BF00BF9DF8841098
:1045D0003098405C00287FF41EAD279818B12E98C3
:1045E00008B902202E90249800F0200030B16548D0
:1045F000406A6649884201DD1B2018E5239800F0D7
:104600000100E0B1249800F0010008B916200EE581
:104610005C48C078012848D15A4800690F90FCF7DF
:1046200094F84FF066325A4BCDE91001FBF72CFF9E
:10463000CDE91201FCF7CCF85249086135E0514848
:10464000807801280FD12E9802282ED14D4840782D
:1046500050282AD04B48407810B3249800F001002D
:10466000F0B91620E3E44B484078C8B9249800F02C
:104670000100B0B14348C078012816D14148006913
:104680000F90FCF762F84FF06632414BCDE9100114
:10469000FBF7FAFECDE91201FCF79AF839490861F7
:1046A00003E03C48406937490861249800F4807071
:1046B00018B9384801693348016332480078042842
:1046C00009D1249800F0400008B91C20AFE42498D8
:1046D00020F0400024902B48407910B101280ED1E1
:1046E00006E000202D9001202C9002202B900DE060
:1046F00002202D9000202C9001202B9006E001201C
:104700002D9002202C9000202B9000BF00BF1D4850
:10471000C078012829D100201C9023E001211C9899
:1047200001FA00F027990840C0B1164838301C99AA
:1047300050F821000F90FCF708F84FF06632144B48
:10474000CDE91001FBF7A0FECDE91201FCF740F81E
:1047500001460C4838301C9A40F822101C98401C26
:10476000C0B21C901C980328D8DB2E98032813D1C4
:104770000448807901280FD1279880F0040058B1AF
:10478000252054E49C05002000007F43809698007B
:104790006666394054050020FA4A2C3207CA19AB24
:1047A00007C3259800F40070A0B1F748C079062827
:1047B00001DD1D203BE4F3488179F348C079814253
:1047C00008D0F148C07919A9149003F0CBFF08B9BB
:1047D00007202CE4EC4800780A2802D05C287DD120
:1047E0009DE0279808B91A2021E4249800F0500091
:1047F00008B91C201BE4E448806A0F90FBF7A5FF72
:10480000CDE9100105F09EFDCDE91201FBF784FF13
:10481000C0B22A902A98062801DD1D2007E4DA4854
:1048200090F8200014280CD0D74890F820000228D7
:1048300005D1249800F0800018B1142005E414205C
:104840007FE4249820F0500024902A98002804DD6A
:104850002A98401EC0B22A9002E0CB48C0792A9024
:10486000C94914312A9803F07DFF08B9072068E48C
:1048700000201C904FE001211C9801FA00F02799BC
:10488000084060B3C04890F82000142837D1BD48D4
:1048900038301C9950F821001390BA48203050F855
:1048A000210012901399FBF7D2FC1490B6483830CF
:1048B0001C9950F82100014613901498FBF7C7FC8F
:1048C0000146B14814301C9A40F822101C98022866
:1048D0001DD1AC48406C1490AB4801E074E016E088
:1048E00014301C9950F8210013901499FBF7AFFC79
:1048F0000146A54814301C9A40F8221007E0A2484F
:1049000038301C9950F82120243840F821201C9878
:10491000401CC0B21C901C980328ACDB1CE12798FB
:1049200008B91A200DE400201C9049E001211C98D0
:1049300001FA00F027990840A0B319A91C9851F872
:10494000200013908F4820301C9950F821001290BD
:104950001399FBF77CFC14908B4838301C9950F865
:104960002100014613901498FBF771FC014686481C
:1049700038301C9A40F822101C9802281CD181481B
:10498000406C1490804838301C9950F821001390E6
:104990001499FBF75CFC01467B4838301C9A40F8C0
:1049A000221009E0FFE7774838301C9950F82120A1
:1049B0007548383040F821201C98401CC0B21C902B
:1049C0001C980328B2DBC7E02E9803286FD02798E5
:1049D000F0B300201C9067E001211C9801FA00F060
:1049E0002799084048B9674820301C9950F8212081
:1049F0006548383040F8212052E063480078352877
:104A00004ED061480079B0BB5E4838301C9950F8F0
:104A1000210019A913901C9851F8200012901399A5
:104A2000FBF7C3FB1490584838301C9950F821000C
:104A3000014613901498FBF7B8FB014652483830F2
:104A40001C9A40F822101C98022829D14D4800E0F9
:104A50002DE0406C14904C4838301C9950F82100DF
:104A600013901499FBF7A1FB0146474838301C9A74
:104A700040F8221014E0FFE7424820301C9950F81B
:104A8000210014904048383050F8210013901499B8
:104A9000FBF78BFB01463C4838301C9A40F822104B
:104AA0001C98401CC0B21C901C98032894DB36480C
:104AB0000078282842D006DC1C2809D01E2808D0FF
:104AC000262847D139E035283AD0662842D136E049
:104AD00000BF2D4800781C2807D12B49143106202F
:104AE00003F040FE48B907200FE42749143107209E
:104AF00003F038FE08B9072007E42798D0B100205A
:104B00001C9013E001211C9801FA00F0279908403D
:104B100040B91C4820301C9950F821201A48143004
:104B200040F821201C98401CC0B21C901C980328FF
:104B3000E8DB01E000202E900CE000BF0AE009E075
:104B40001148407828B110484078012801D01E2033
:104B500068E400BF00BF00BF00BF0B48407850288A
:104B600004D1279800280BD01F205BE42E98022840
:104B700006D10548407848B927980028F8D12E90EA
:104B800018E20000540500209C050020FB48006945
:104B90001190FBF7DAFD00221346CDE91201FBF775
:104BA000E7FD01D116203DE4F44840788C287DD003
:104BB00006DC01280BD002280ED003280BD110E010
:104BC0008D2875D08E2874D08F28F7D1BFE1279813
:104BD00008B900202E90ECE1239840F004002390C7
:104BE00000BF279808B91A201CE401212D9801FA6A
:104BF00000F001222C998A4010432799084008B9F7
:104C000020200FE4DE482D9950F821001290DB4857
:104C1000383050F8210011901299FBF718FB1490CE
:104C2000D7482C9950F821001290D448383050F8C9
:104C3000210011901299FBF70AFB1390249800F0C1
:104C40008000A0B3249820F0800024900C22CB494F
:104C50003831CB48FBF79CFA08B9212068E4C748F3
:104C6000C078012811D1C548C06A0D90FBF76DFDD1
:104C70004FF06632C34BCDE90E01FBF705FCCDE9E1
:104C80001001FBF7A5FDBD49C86213990846FBF763
:104C9000E4FA0B90FBF759FDCDE90E011499084693
:104CA000FBF7DBFA0790FBF750FD03E054E1A0E0CF
:104CB0004CE152E1CDE90A01B048C06A0390FBF72C
:104CC00044FDCDE90601AD48C06A0190FBF73DFD0A
:104CD0000022AD4BCDE90201FBF7D6FBCDE9040183
:104CE000DDE90623FBF7D0FBCDE90801DDE90A2366
:104CF000FBF7C4FBCDE90C01DDE90E23FBF7BEFB9E
:104D0000CDE91001FBF764FD129000211298FBF72A
:104D10007BFD01D222200BE4DDE9131000F01EFD23
:104D20000B90FBF712FDCDE90E011298FBF70DFD7C
:104D3000CDE90A0104F090F981F00041CDE90C01C0
:104D4000DDE90E23FBF712FCCDE91001FBF740FD76
:104D500012908A484078032803D1129880F00040CE
:104D600012908648C06A00211190FBF74DFD09D2D0
:104D7000129880F0004012908048C06A80F0004194
:104D80007E48C162DDE91210FBF767FA0C901499B6
:104D9000FBF760FA0D90FBF7D8FC00227B4BCDE9C6
:104DA0000E01FBF771FBCDE91001FBF711FD014688
:104DB000724814302D9A40F8221012991498FBF77B
:104DC0004CFA0C901399FBF7F0F90D90FBF7BDFC32
:104DD00000226E4BCDE90E01FBF756FBCDE9100129
:104DE000FBF7F6FC0146654814302C9A40F8221077
:104DF000ABE001212D9801FA00F001222C998A40A4
:104E000010432699084008B923202BE4249820F069
:104E10000E0024905948C078012829D100201C9008
:104E200023E001211C9801FA00F026990840C0B146
:104E3000524814301C9950F821000B90FBF785FC68
:104E40004FF066324F4BCDE90C01FBF71DFBCDE96E
:104E50000E01FBF7BDFC0146484814301C9A40F88F
:104E600022101C98401CC0B21C901C980328D8DB50
:104E7000424814302D9950F82100014610901498A2
:104E8000FBF7E5F914903D4814302C9950F82100B7
:104E9000014610901398FBF7DAF91390DDE913102F
:104EA00000F05CFC1290354814302C9950F8210029
:104EB0001090324814302D9950F821000F9010991D
:104EC00000F04CFC2D49C8620846C06A01460C90AF
:104ED0001298FBF7BCF90D90FBF737FC21F000416D
:104EE000CDE90E01FBF774FC11901198FBF72DFC36
:104EF000274A284BCDE90E01FBF752FC24D211982A
:104F0000FBF723FC0022214BCDE90E01FBF748FC07
:104F100001D2212035E41948C06A0990FBF715FC3D
:104F20001D4A1E4BCDE90A01FBF7AEFACDE90E0191
:104F30001198FBF70AFCCDE90C01DDE90E23FBF724
:104F40002FFC01D221201CE400BF32E000BF2398D7
:104F500040F01000239000BF00BF084840788E2822
:104F600003D0064840788F2803D1239840F00800EA
:104F700023902798A0B91A201CE400009C0500206B
:104F80007405002066663940000010400000E03FD4
:104F90007B14AE47E17A743FFCA9F1D24D62503FD9
:104FA0000C22F949F948FBF7F3F808B9212010E47D
:104FB00000BF00BF239800F0010020B1249820F02A
:104FC0002100249004E040F2213124988843249069
:104FD0002E9818B1249820F47C402490EA48383860
:104FE000007B48B1249800F0400008B91C2015E46B
:104FF000249820F040002490E3483838407B50B19A
:10500000E3492498084008B91C2007E4E049C94353
:10501000249808402490DC483838807B48B1249894
:1050200000F4403008B91C2008E4249820F44030F3
:105030002490D5483838C07B50B1D54910392498D0
:10504000084008B91C2012E4D24924980840249052
:10505000249808B124200AE416A815900021159878
:10506000016041608160239800F0010090B32598B1
:1050700020F0490008B1102054E4C34838380078C3
:10508000352805D0C0483838007808B1102049E4E8
:10509000BE482038016915984160BC482038407AE4
:1050A000BA492039097A08438DF86000B649383981
:1050B00016A800F075FB1490149848B9B34920392C
:1050C000B1483838D0E90E23006CC1E90823886262
:1050D000149827E4FFE7B04890F8480000F0020079
:1050E000C0B3A9483838407801280DD0A6483838D0
:1050F0004078022808D0A44838384078032803D0E4
:10510000239840F040002390279838B12E98022829
:1051100004D1239840F08000239024E09B4820385D
:10512000407A10281FD1994820380078012809D0EA
:10513000964820380078022804D094482038007817
:10514000032808D1239800F0400018B1239840F0BC
:105150002000239007E0239800F0400018B923981E
:1051600040F02000239088483838406A8749203929
:10517000C86185483838807848700846407828B13A
:105180001598007A40F00801159801727E48383869
:1051900000697E49203948610846416915980160D7
:1051A00079483838006B149078482038006913909B
:1051B0001499FBF729FB03D1239800F0200020B3BA
:1051C00072482038407AD0B1239800F08000B0B9FE
:1051D000239800F0400038B16C482038407A002114
:1051E000149003F027FF0AE067483838006B1490EA
:1051F00066482038407A1390149903F01BFF6248E8
:105200003838006B614920390861239800F040006C
:1052100020B95E4820380169159841605A483838ED
:1052200090F834005949203908760846417A5648A2
:105230003838807A81420FD01598406814905248CF
:105240003838807A1390149903F0F4FE4E483838B9
:10525000807A4E49203948721598007A4B49203996
:10526000497A08431599087248482038017A464817
:105270003838407A814218D043483838407A149000
:10528000FEF7A4FC40483838407A20B900203F4956
:105290002039087209E03D482038007A3A49383907
:1052A000497A08433949203908721598007A3749F4
:1052B0002039097A0843159908723348383800783C
:1052C000042805D130483838806A149001F01CF861
:1052D0002D48383840792D49203908712A48383806
:1052E000C07888702E9803281ED1274838388079D6
:1052F00048710846407918B90021234838380164BC
:1053000021483838006C149020482038406C1390A5
:105310001499FBF779FA07D01B483838006C1B4901
:105320002039486404F0BCFF1848203881791648B9
:105330003838C07981420CD013483838C0791349C5
:1053400020398871084619A90EC92C300EC004F006
:10535000A7FF0D48383800790C492039C8700A4831
:105360003838007826284AD006DC0A2816D01C28AF
:1053700029D01E2863D127E0282846D05C284AD0AF
:1053800066285CD153E00000D4050020740500209D
:1053900050000200BFFFFDFFA0300020B2492A9854
:1053A00003F07FFCB14881792A9881420AD1AF4944
:1053B000AD481438D0E90523C069C1E90B2348631F
:1053C00004F06EFF3BE000BF1598007A40F0010149
:1053D000159801722E9820B1A3482430159900F039
:1053E000D1FFA148159900F0CDFFA0499E4814387F
:1053F000D0E90523C069C1E9082388621FE09B4901
:105400002031062003F04DFC19E098492031072097
:1054100003F047FC13E0954993481438D0E90E2374
:10542000006CC1E90E23086404F03AFF07E08F48DE
:1054300000218163C163016404F032FF00BF00BF3B
:1054400089481438407889490870084600785028FF
:105450005BD02E98022858D100201490084600787E
:10546000012805D180482430159900F08BFF3AE0DF
:105470007E48007858B91598007A40F001011598D7
:10548000017279482430159900F07CFF2BE07748B1
:105490000078022803D075480078032816D1239895
:1054A000C0F38000DDE92C322B99CDE90123CDE951
:1054B00003106D481438C06A6B4B6C4A2032009060
:1054C00003F12400159900F043FD0CE01598007AD3
:1054D00040F004011598017263482430239A15990D
:1054E00000F08EFF1490149848B960495E48143853
:1054F000D0E90E23006CC1E90823886204E0149807
:10550000012801D100F0C8F800BF57481438007ACC
:105510005649C8710846C07980B301F0CDFD5348A3
:10552000C079032809D152480078022833D00820D6
:1055300004F0E0FE02F034F92DE001204B49087040
:1055400000200871C8700021484841700020474978
:1055500088714872087264204549087248728872DE
:1055600008460078022813D0404880793F492C3102
:10557000149003F0F7F810B9072046E40EE004F0A9
:105580008FFE0021084603F01DFD0020FEF7ECFA17
:10559000082002F0E5FA00203449C8713248143876
:1055A000007BB8B130481438806A0F90FBF7CDF813
:1055B000CDE9100104F0C6FECDE91201FBF7ACF80D
:1055C000C0B2299028481438007B014614902998CD
:1055D00000F0FDFF24481438407BD0B12248143835
:1055E000806A0F90FBF7B1F8CDE9100104F0AAFE34
:1055F000CDE91201FBF790F8C0B228901A48143890
:1056000090F82000184A343201461490289804F08B
:10561000FCFE15481438807B40B11348143890F8CC
:10562000440011493431149000F0CEFF0E48143874
:10563000C07BB0B10C481438806A0F90FBF785F836
:10564000CDE9100104F07EFECDE91201FBF764F80C
:10565000C0B22990044934312998FDF7EBFF01F0DD
:10566000C7FA002056E40000B005002054050020D1
:105670004C00002010B548210648FAF77EFD054988
:1056800088792C3103F06EF810B9072002F034FF4E
:1056900010BD00005405002010B50249024804F076
:1056A000FBFB10BD600000207405002070B50546AE
:1056B0002C212748FAF761FD01202549087008468A
:1056C0004570032088700120C8702248006D8860F2
:1056D000002433E000211E481C3040F824101C3800
:1056E00081890120A040284018B11B4830F81400DF
:1056F00000E000200143164881810120A04028409D
:10570000D0B11348807B401C114988731148243064
:1057100050F824104FF04040FAF79FFD06460C4920
:1057200048683146FBF77AF802D20948406800E041
:1057300030460749486000BF601CC4B2032CC9DB77
:10574000034800210161416181610621017670BD3C
:10575000E8050020A0300020C6A400082DE9F04193
:1057600004460D4629462846FAF777FD07462146A6
:105770002046FAF772FD80463946FAF716FD0646CE
:1057800003F090FCBDE8F08110B500F041FF00F09F
:1057900006F800F01AFF002000F018FF10BD704757
:1057A00070B504460D4628692060207A40F0040058
:1057B0002072104890F8480000F0200030B105F148
:1057C000380004F00DFB08B10F2070BD214605F133
:1057D000380000F0D7FD0848007848B901F0BAF960
:1057E00030B120200449087003F0FCFC04F07AFA80
:1057F0000020EAE7A03000204C0000202DE9FF5FE8
:1058000082468946DFF874B0002430E059F824005D
:105810000021FAF7F9FF28D059F824105AF824008B
:10582000FAF74DFD0190FAF790FF21F00048074686
:105830005846FAF78AFF3A464346CDE90201FAF79D
:1058400097FF03D25846FAF780FF0AE059F8241070
:105850005AF82400FAF733FD0746FAF776FF21F0ED
:1058600000410546FAF7B4FF8346601CC4B2032C1E
:10587000CCDB584604B0BDE8F09F0000FFFF7F7FFF
:105880002820002817DB00F01F02012191400B4A5D
:10589000430942F8231000BF00BF00BFBFF34F8F82
:1058A00000BF00BF00BF00BF00BF00BFBFF36F8FCE
:1058B00000BF00BF00BF00BF7047000080E100E0F4
:1058C000704700000022002100BF0F48806881B2AD
:1058D0000E4890F8480000F0400008B981F4E0510B
:1058E00079B100200AE00A4B33F810300B401BB1AD
:1058F000012383401343DAB2431CD8B20328F2DBFE
:1059000000BF104670470000000C0140A03000208E
:10591000D2A4000810B5044600F00EF810B90548EE
:10592000407800B110BDFFF7ABFF2046FFF7BEFE89
:1059300000BFF7E74C0000200548007828B1044874
:105940000078062801D0012070470020FCE7000005
:10595000E80500202DE9F04700260024FFF7ECFFC2
:1059600008B9BDE8F087E448407850B10620E34923
:10597000087004F04DF90020DF490870FFF7A0FF20
:10598000EFE7DE480078012806D002287ED00528FF
:105990007DD006287CD19DE1D949D8481C3004F03F
:1059A0007BFA0020D5498881887381F8280051E06E
:1059B000D2484078D14991F82820012191400840EF
:1059C000F0B3CE48807B401CCC498873CD4890F81A
:1059D000490091F8282001219140084080B1C74832
:1059E000C07820B1C548406880F0004001E0C3485D
:1059F0004068C24991F828201C3141F822000FE08C
:105A0000BE48C07810B1BD48406803E0BB4840685C
:105A100080F00040B94991F828201C3141F822005B
:105A2000B6488089B54991F82810B74A32F8111064
:105A30000843B2498881002091F82810B04A00E05C
:105A400001E042F82100AD4890F82800401CAB4925
:105A500081F82800A94890F828000328A8DBA74867
:105A6000807B01280EDDA549887BFAF7F7FD074604
:105A700003F018FB0546A14881682846FAF7EDFBBC
:105A80009E4988609D4880689C4902E022E0CCE005
:105A90002BE10861084680899749C88001F0A8F881
:105AA0009649103101F10C0000F0EEFD01280DD1F6
:105AB00004209149087103F095FB04F013F90120CB
:105AC0008E4981F829000220087002E006208B49E7
:105AD00008700EE1894890F8290000B909E187486B
:105AE000C078F8B1FFF7EEFE0546002417E08348C2
:105AF00040780121A140084078B10120A040284011
:105B000058B17E488089804931F8141088437B4918
:105B10008881084680897849C880601CC4B2032CFB
:105B2000E5DB00BF03F05EFB7848007800F034004E
:105B300098B37648057805F0100018B1062004F0F7
:105B4000C5FB1CE005F0200018B1072004F0BEFBE7
:105B500015E06A48C07848B9FFF7B4FE674949784C
:105B6000084018B1082004F0B1FB08E06348C07891
:105B700028B105F0040010B1092004F0A7FB644827
:105B8000007858B100F0ACFC01F00AFE06205B4939
:105B9000087001205849087007E007E0042004F06D
:105BA00053F95648C07800B9012600BF5348007B1E
:105BB00000F0070008B1012E36D100204F4981F8CE
:105BC000290004F025F84F49B1F85400FEF7CCF84D
:105BD0004A48C07808B9012000E000204749C87051
:105BE0000846C07850B14749886D4A49FAF735FBF5
:105BF000424948604348C06C886006E04148806D77
:105C00003E4948603F48006D88603C4880780028E5
:105C100007DD01203949087008468078401E8870E9
:105C200002E005203549087063E0002438E033487D
:105C300041780120A040014081B3324890F84900EA
:105C40000121A1400840A8B12E4A916D243252F89A
:105C50002400FAF7AAFA82462A4850F8241050463F
:105C6000FAF7FBFA8146FAF770FD074600F08CF868
:105C7000054610E02348806D80F0004A214850F826
:105C800024105046FAF7E9FA8146FAF75EFD074616
:105C900000F07AF805461A4840F82450601CC4B257
:105CA000032CC4DB002014490871FFF7F5FC00F059
:105CB000BDFF4FF4E0501849086000BF2820FBF7F3
:105CC0005FFB2820FBF76EFB00200B4908700B4997
:105CD00008700EE003F09CFF012007490870FFF7F1
:105CE000EFFD00200549087003E00020034908701B
:105CF00000BF00BF00BF34E64C000020E8050020D4
:105D000060000020A0300020C6A400080100002090
:105D1000020000200000A0401404014000B5064825
:105D200090F8480000F0080010B9FFF7A9FD01E065
:105D3000FFF7C6FD00BD0000A030002010B50446EE
:105D4000204604F04DF8D8B101200E49C87008462D
:105D5000007808280CD104F0CDFA00BF01F020FD36
:105D60000848407800B110BD064800780028F5D1F9
:105D700000F0B6FB022004F0A9FA01F011FDF2E7F1
:105D800000BFF0E74C0000202DE9F04706468846AA
:105D9000FAF7A2FE04460D4632464346FAF771FB77
:105DA00018F0004FDFF88C80DFF88CA0234B0646FC
:105DB0000F464FF000020AD0FAF7DAFC0AD90022A7
:105DC000534630463946FAF7EBFC1BD212E0FAF79D
:105DD000CFFC08D20022434620462946FAF74EFB64
:105DE00004460D460EE00022534630463946FAF787
:105DF000D7FC07D80022434620462946FAF79DFAE9
:105E000004460D460E4A0F4B20462946FAF7C8FCB9
:105E100006D300220C4B20462946FAF7A9FC02D2F1
:105E20000120FDF701FC20462946BDE8F047FAF7BE
:105E300097BE00000000F03F0000E03F0000E0BF20
:105E40000000C0FFFFFFDF410000E0C1FBF734FAB4
:105E5000FDF776F9FCF7F8FCFCF7C4FDFCF7E2FE71
:105E6000FCF72EFEFCF766FEFCF79CFEFCF798FDA7
:105E70003C212D48FBF730FF04F046FA04F094FA79
:105E8000FEF700F802F00CFC02F036FC03F08AFF8B
:105E900004F010FA25480021016041608160002073
:105EA00023490870234890F8480000F0100008B11A
:105EB0000120087036E01E4804781421FAF75DF9D5
:105EC0001B48047064201A490872487288721A4884
:105ED0000021016041608160002018490870184964
:105EE000087018490870184908701849087002F0BD
:105EF000F3FBFFF7BFFB03F027F8FDF731FEFFF7D9
:105F00000DFF01F0B1F8FFF73FFC00F071FE03F068
:105F10007FFE00F08BFEFFF7BFFB02F065F801F09B
:105F20004BFC00BFC7E700007800002060000020A5
:105F30004C000020A03000206C0000200000002059
:105F400001000020020000200300002004000020C7
:105F50002DE9F04F99B08146884614461D46DDE98B
:105F6000247A239E55F8261054F82600FAF71DF9D6
:105F7000179055F8271054F82700FAF716F91690DD
:105F800055F8260080F00040159055F8270080F065
:105F90000040149059F826001799FAF758F9139011
:105FA00059F827001699FAF752F912901299149895
:105FB000FAF753F90E9013991598FAF74EF90D90D8
:105FC0000E99FAF7F2F81090DDE91310FAF745F997
:105FD0000E9012991598FAF740F90D900E99FAF76C
:105FE00036F90F901099FDF767FB11902698C0B114
:105FF0001198FAF7AAFBB94AB94BCDE90E01FAF7A5
:10600000CFFB26D81198FAF7A0FBB64AB64BCDE9DC
:106010000C01FAF733FACDE90E01FAF7D9FB11902A
:1060200017E01198FAF791FBAC4AB04BCDE90E019D
:10603000FAF79EFB0DD81198FAF787FBA94AAA4BED
:10604000CDE90C01FAF779F9CDE90E01FAF7C0FBB9
:1060500011904FF080402299FAF7FFF80490A4487D
:10606000C16B0498FAF7F3F80590A148C16B059845
:10607000FAF7F3F8069003F015F80790FAF765FBC6
:10608000CDE90A012298FAF760FBCDE906011198E3
:10609000FAF75BFB0022974BCDE90201FAF7F4F91E
:1060A000CDE90401DDE90623FAF7EEF921F000411C
:1060B000CDE90801DDE90A23FAF758FACDE90C0128
:1060C000FDF70AFFCDE90E01FAF726FB1FFA80FB68
:1060D000BBF1000F71D098F8080000F0080078B10B
:1060E0005846FAF7BBFA0790D8F80010FAF7B5F857
:1060F000C8F8000098F8080020F0080088F80800A8
:106100005846FAF7ABFA014607901198FAF7D7F814
:1061100010905846FAF7A2FA079054F82A1059F846
:106120002A00FAF794F806900799FAF7C8F80F9042
:1061300010990846FAF791F80390FAF706FB002247
:106140004FF08043CDE90401FAF79BF9CDE9060150
:10615000FAF73EFB0E900E98FAF7F7FA0022664B1C
:10616000CDE90001FAF7E9F8CDE904011098FAF752
:10617000ECFA624A624BCDE90001FAF785F9CDE904
:106180000201DDE90423FAF77FF9CDE90601FAF708
:106190001FFB0D900E98FAF7D8FA0022554BCDE967
:1061A0000401FAF771F9CDE90601FAF711FB0E9037
:1061B000002008900120099085E089E008980C28CB
:1061C00022DA0E991498FAF748F807900D99159865
:1061D000FAF743F806900799F9F7E7FF0A900D9947
:1061E0001498FAF73AF807900E991598FAF735F8D7
:1061F00006900799FAF72BF815900A9814900898CA
:10620000401CC0B208903DE00998FAF727FA0690C2
:106210001099FAF722F80790FDF7E8FC0B9009981F
:10622000FAF71CFA06901099FAF717F8079002F09F
:1062300049FD0C9055F827000C99FAF70EF80790D5
:1062400055F8260080F0004005900B99FAF705F804
:1062500006900799F9F7A9FF159055F827000B99B3
:10626000F9F7FBFF079055F8260080F000400590F5
:106270000C99F9F7F2FF06900799F9F7E8FF1490E7
:106280000020089015991798F9F78FFF44F8260019
:1062900014991698F9F789FF44F8270054F82A0052
:1062A0000F99F9F782FF44F82A004146204600F092
:1062B00069F81448407810B119B0BDE8F08F09981A
:1062C000401C80B2099009985845FFF677AF00BF8F
:1062D0004146484600F056F800BFEDE78DEDB5A009
:1062E000F7C6A0BE4AD8124DFB211940F7C6A03E02
:1062F000A03000200000E03F000010404BDA7D5C41
:106300005555C53F4C00002010B50446064800789E
:10631000022800D110BD00F0CFFE00212046FDF77D
:1063200033FD00BFF6E700004C00002010B5044626
:106330001248007820B111480078012800D010BD23
:106340000F4890F8480000F0100000B9F7E703F09C
:1063500041FD00B1F3E7042008490870FFF790FA07
:106360001CB12046FFF7D6FA05E00120FFF7D2FA6C
:106370000220FFF7CFFA00BFE1E700004C00002049
:10638000A030002070B505460C461B4890F8480028
:1063900000F0200030B119480078202802D02846AB
:1063A000FFF7CCFC15480078022800D170BD00BF73
:1063B00001F0F6F91148407800B1F7E700F0F8FA7B
:1063C00010B100F071FE00E000E0F1E700BF2146EF
:1063D000284600F059F968B9074890F8480000F0DD
:1063E000020038B1207A00F0100018B11020616866
:1063F00002F020FE00BFD9E7A03000204C000020B2
:106400002DE9F041074688461446314800780228B5
:1064100002D10020BDE8F08100F04EFE2C4840780B
:1064200008B10220F6E7C4F3C005C4F3001600204B
:1064300027494871284600F0EBFD00F003FE48B103
:10644000042003F043FF01F0ABF9002000F0E0FD71
:106450000220DFE741463846FFF794FF01201D493F
:106460000870022003F046FF00BF01F099F91848B8
:10647000407808B10220CDE7154800780028F4D113
:1064800014480078012809D126B11348134B0ECBCC
:106490000EC006E0052003F019FF02E001200C49C0
:1064A000487100200B49087000F0B2FD01F078F946
:1064B00003F0AEFB00F09CFB00F0B8FB01F002FE25
:1064C0000348407908B10120A4E70020A2E70000BA
:1064D0004C000020000000206C0000206000002024
:1064E00010B51348007800F0100000BB102003F036
:1064F00001FF02F09BFDFDF75BFB0E48007800F00A
:106500002C0020B90B48007900F0060078B109484A
:106510000078042806D10848007830B9062003F036
:10652000D5FE02E0032003F0D1FE02F013FE10BD01
:10653000010000204C00002002000020F0B50446BD
:106540000D461646002311E028466D1CFDF794FC0D
:106550000246580008B9D81108B1012000E0002017
:1065600003469818C3B204F8012B761E002EEBD117
:106570002846FDF781FC984201D10120F0BD0020A2
:10658000FCE72DE9F04107460C461646002511E0D0
:10659000680008B9E81108B1012000E000200546B4
:1065A00020782844C5B214F8011B38467F1CFDF73B
:1065B0008DFC761E002EEBD129463846FDF786FC71
:1065C000FDF718FCBDE8F08170477047704770B563
:1065D00005460C4600F070FDFF2D09D1012C02D1BB
:1065E00000F028F813E0022C11D100F011F80EE0B1
:1065F000042D0CDA012C04D10121284600F02CF8DE
:1066000005E0022C03D10021284600F025F870BDDA
:1066100010B5002407E0054830F814100448FAF7D4
:10662000F3FB601CC4B2042CF5DB10BD94A400087D
:106630000008014010B5002407E0054830F81410A8
:106640000448FAF7EAFB601CC4B2042CF5DB10BD69
:1066500094A400080008014070B504460D46042CBF
:106660000DDA35B1064830F814100648FAF7D5FBB4
:1066700005E0034830F814100248FAF7C5FB70BD76
:1066800094A40008000801402DE9F34F95B00E4690
:10669000B948007800EB800101EBC000B74901EB7D
:1066A000800434212046F9F768FD307A6074706800
:1066B0002063607C00F0020038B1B14AD2E90010DA
:1066C0009268CDE910020F9103E0AE4A07CA0FAB02
:1066D00007C300254CE0AC4A52F82510159A52F831
:1066E0002500F9F7BAFD8246FAF72FF80746FFF7BB
:1066F0004BFB12A941F8250051F825100FAA52F8BA
:106700002520881A002801DB014600E0414244F8B8
:10671000251054F82510E068884201D9E06801E0AE
:1067200054F82500E06012A951F825100FAA52F87C
:106730002520881AF9F789FF0746934850F8251055
:106740003846F9F7BCFD81460CA840F8259048462C
:10675000F9F7FBFF074600221346FAF709F805D2BE
:10676000207C8A4911F8151008432074681CC5B2B2
:10677000032DB0DBE06818B9002017B0BDE8F08F3A
:106780000CA8FDF795F920620CA98148FFF736F8AF
:10679000E0610CA97C480C30FFF730F8A062607C07
:1067A00000F0010010B1A06AE0620AE03068E06227
:1067B000607C00F0080020B1216AE06AF9F74DFD25
:1067C000E0626D48007873490978884203D0607CA4
:1067D00000F0020018B1002060616062A4E04FF098
:1067E000000A00251BE00CAA52F82510654A0C325D
:1067F00052F82500F9F731FD07465146F9F72AFD11
:106800008246604A0C3252F825100CAA52F8250034
:10681000F9F71DFD09A941F82500681CC5B2032D33
:10682000E1DB5046F9F791FF07465B4A5B4BF9F70E
:10683000B7FF02D20020606275E05046F9F785FF8D
:106840000746554A564BF9F793FF02D25548606206
:1068500069E009A8FDF72CF909A94D48FEF7CEFF1C
:1068600008905046F9F771FF074600224B4BDB1C9E
:10687000F9F707FE00224C4BCDE90201F9F704FEBF
:10688000CDE90401F9F7A4FF079002F00BFC834661
:106890005846F9F75AFF0022404BDB1CCDE90001B6
:1068A000F9F7EFFDCDE904013748816B0898F9F756
:1068B000D4FC59460090F9F7D0FC0190F9F745FF58
:1068C000CDE90201DDE90423F9F750FE0022134669
:1068D000CDE90601F9F74CFF02D2002001461DE088
:1068E0005846F9F732FF00222C4BDB1CCDE90201A0
:1068F000F9F7C7FDCDE906012348816B0898F9F740
:10690000ACFC59460290F9F7A8FC0390F9F71DFF7B
:10691000CDE90401DDE90623F9F728FE0746F9F77A
:1069200057FF606200BF00BF607C00F0020000BB48
:10693000204600F04BF80746124839468269204647
:1069400000F0A4F80F4887610CA90EC90C300EC0E6
:10695000183812A90EC90EC01448007806490870EC
:106960000846007800F038F91049087000F09EF9E8
:1069700000BF012001E700002500002014060020D0
:1069800060000020B42E0020A0300020CCA400081D
:106990001031002024000020E90B21E7FDFFEF3F2C
:1069A000FDFFEFBFFFFF7F7F0000E03F26000020DC
:1069B0000448007804490978884201D101207047D1
:1069C0000020FCE724000020260000202DE9FC5FC9
:1069D0008246DAF82CB09AF8110000F00100C0B13C
:1069E0002649487AF9F73FFE254A264BCDE90001B2
:1069F000F9F74AFD06460F465846F9F7A6FE8046C7
:106A000032463B46F9F740FD0446F9F7E1FE83467E
:106A100024E09AF8110000F00400B8B91749087A88
:106A2000F9F721FE164A174BCDE90001F9F72CFDC5
:106A300006460F465846F9F788FE804632463B46E2
:106A4000F9F722FD0446F9F7C3FE83465846DAF803
:106A50002810F9F7E3FE01D2DAF828B05846F9F722
:106A600074FE04460022084BF9F79AFE02D25846FB
:106A7000BDE8FC9F4FF07E50FAE700004C0000207C
:106A80007B14AE47E17A843F0000F03F70B50446C6
:106A90000E46154629463046F9F7C0FE05D229466E
:106AA0002846F9F7DAFBA06104E031463046F9F7F1
:106AB000D4FBA061616AA069F9F7B0FE01D2606AF7
:106AC000A06170BD10B503F0F3F8034800780349E6
:106AD000087000F0EBF810BD240000202700002013
:106AE00000B50B4800780B49097888420FD0094857
:106AF000007800F071F802460648007806490978E7
:106B0000884201D1044802700248027000BF00BDF3
:106B10002500002024000020270000200B480078DA
:106B20000B490978884208DB084800780849097849
:106B3000401AC0F1C700C0B2704705480078034949
:106B40000978401A401EC0B2F6E700002500002078
:106B5000240000200848007808490978884201D1BB
:106B6000002070470548007800EB800101EBC00071
:106B7000034901EB8000F4E72500002024000020F9
:106B80001406002000B50A48007800F025F80246F7
:106B900008480078824201D1002000BD02EB82004B
:106BA00000EBC200044901EB80004069F5E70000FA
:106BB000240000202500002014060020044800784E
:106BC00000EB800101EBC000024901EB800070473F
:106BD0002500002014060020411CC8B2C82800D19E
:106BE0000020704700B9C820411EC8B2704700009D
:106BF00010B51C210248F9F7C0FA00F003F810BDE7
:106C0000B42E0020002005490870054908700120B5
:106C100004490870002004490870704724000020CF
:106C2000250000202600002027000020002007E08B
:106C3000054951F82010054A42F82010411CC8B2FD
:106C40000328F5DB7047000060000020B42E002010
:106C50002DE9F04110480478104F14E004EB840053
:106C600000EBC4000E4901EB80063046FFF7AEFE94
:106C700005463A4629463046FFF708FF2F4620468C
:106C8000FFF7AAFF0446074800788442E6D1064889
:106C90008761BDE8F081000024000020FFFF7F7FB6
:106CA0001406002025000020B42E00202DE9F04716
:106CB00058480078FFF796FF054657480078854208
:106CC00001D1BDE8F08705EB850000EBC500534915
:106CD00001EB80044FF08040E169F9F7BEFA81468C
:106CE000216AF9F7BAFA8046A169F9F797FD01D24E
:106CF000A06908E04FF08040E169F9F7AEFA8046FC
:106D0000216AF9F7AAFA60612846FFF76BFF05468A
:106D100041480078854206D141480078854235D106
:106D200002F0C6FF32E02DE0264605EB850000EBC1
:106D3000C5003A4901EB80042846FFF753FF05469A
:106D400037480078854201D102F0B2FFD4E905014D
:106D5000F9F75AFD16D04FF08040E169F9F77DFA56
:106D60008146216AF9F779FA80467169F9F71DFAC7
:106D700007463846A169F9F747FD01D2676101E08E
:106D8000A0696061244800788542CDD1224800780E
:106D900000EB800101EBC000204901EB80061E489A
:106DA0000078FFF719FF05462DE0344605EB850016
:106DB00000EBC500194901EB800671696069F9F7BC
:106DC00023FD15D24FF08040E169F9F746FA81467C
:106DD000216AF9F742FA80466169F9F7E6F9074650
:106DE00038467169F9F710FD02D277610A480570DB
:106DF000D6E90501F9F708FD01D1074805702846D5
:106E0000FFF7EAFE0546034800788542CDD100BF72
:106E100057E700002500002027000020140600206E
:106E2000240000202DE9F04786B082460D4600215F
:106E30005046F9F7E9FC04D22D2001F057FC8AF006
:106E4000004AA94608E02D495046F9F706FA82465D
:106E5000A9F1020000F0FF09B9F1020FF3DAB9F16C
:106E6000000F04D026495046F9F7F7F982465046FC
:106E7000F9F76BFC07460022224BF9F75EFACDE9E1
:106E80000001F9F7A5FC824600245046F9F7F8FB0B
:106E900006460DE00A20B6FBF0F100FB1160303031
:106EA0002146621CD4B202AA50540A20B6FBF0F666
:106EB000002EEFD105E030222046611CCCB202A9A1
:106EC0000A54AC42F7DBAC4205D130222046611CAB
:106ED000CCB202A90A540BE0AC4202D12E2001F040
:106EE00005FC611E02AA505C01F000FC601EC4B2E9
:106EF000002CF1DC06B0BDE8F08700000000C842BD
:106F0000000020410000E03F2DE9F04704460E4814
:106F100090F8480000F0010078B12046F9F715FC20
:106F200007460A4A0A4BF9F7AFFA0546F9F750FC4B
:106F300081460421FFF776FF03E003212046FFF797
:106F400071FFBDE8F0870000A03000206568E157C0
:106F50005128A43F2DE9F04704460E4890F8480018
:106F600000F0010078B12046F9F7EFFB07460A4A26
:106F70000A4BF9F789FA0546F9F72AFC81460121FF
:106F8000FFF750FF03E000212046FFF74BFFBDE86D
:106F9000F0870000A03000206568E1575128A43F29
:106FA00010B5044603E014F8010B01F09FFB2078B4
:106FB0000028F8D110BD70B5044600250026642CC9
:106FC0000ADB0A2094FBF0F100FB11403030C5B21F
:106FD0000A2094FBF0F0C4B20A2C0ADB0A2094FBCE
:106FE000F0F100FB11403030C6B20A2094FBF0F003
:106FF000C4B204F13001C8B201F078FB16B13046DA
:1070000001F074FB15B1284601F070FB70BD000063
:1070100000210A4A11800A4991F8481001F08001C4
:1070200021B91146098881F40041118028B1034932
:10703000098881F40041014A11807047280000202E
:10704000A030002000BF0648806800F400400549D9
:107050000988484008B9012070470020FCE700007B
:10706000000801402800002000B50020FFF7D0FFF5
:1070700000BD000000B5FFF7E5FF60B10020064944
:1070800008700648064B0ECB0EC00648007840F04C
:1070900040000449087000BD000000206C00002082
:1070A000600000200100002010B5FFF753FD10B173
:1070B000022003F01FF910BD10B5FFF7F5FF00BF68
:1070C00000F06EFB0648407800B110BDFFF742FDAE
:1070D0000028F5D1024800780828F1D000BFF4E775
:1070E0004C00002070B5FFF735FD054645B98348D3
:1070F000407A8249097A40EA01048048066901E041
:107100006C7C2E6B7E4890F8480000F0020010B1B5
:10711000202003F0D1F8EAE07A48407800B170BD51
:107120007848807800F0010000281FD0754800786A
:1071300000F0C00000287DD07248807800F0040084
:10714000A8B900206F49C8720021084601F03AFF33
:107150000020FCF709FD6B48807820F002006949A7
:1071600088700846807840F004008870BDE065486B
:107170000078802813D10B2000F0F2FC0021084693
:1071800001F020FF0020FCF7EFFC01F0E3FF01E03D
:1071900000F0BAF85B4840780028F9D0BFE75948BA
:1071A0000078402808D102F015FE28B955488078AB
:1071B00020F02000534988705248807800F0080081
:1071C0000028D3D04D48407AD8B14E48807800F09E
:1071D0000200B0B94A4890F8480000F0020030B10F
:1071E0004848007940F008004649087109E004F079
:1071F0003000314601F0E6FE01214FF08140FCF7FE
:10720000C3FD3E48007A68B13E48807800F0020035
:1072100040B904F04000FCF7A7FC01214FF07E507C
:10722000FCF7B2FD3748807800F0020000285CD1FE
:10723000344800E008E0807840F010003149887060
:10724000022003F057F850E02E48C07AE0B32D48F2
:10725000C07A00F0020070B12848407A38B10021AD
:10726000084601F0AFFE01202649C8723DE000202B
:107270002449C87239E02348C07A00F00C0010B3EA
:107280001E48407AA0B10A2000F06AFC1C4890F821
:10729000480000F0020030B11A48007940F00800C0
:1072A0001849087104E004F03000314601F08AFE0C
:1072B0001448C07A00F0080010B1022003F01AF858
:1072C00000201049C87210E0FFE70E48007900F076
:1072D000080050B104F03000314601F073FE094857
:1072E000007920F008000749087100F00DF8054802
:1072F000807800287FF410AF00BF10E7540500200D
:10730000A03000204C00002070B5FE480478C4B1C5
:107310000120FD490870204600F0C6FB012C01D079
:10732000022C0CD1012000F01BFC102002F08CFD7F
:1073300000BFF648007800F010000028F9D002F0F5
:1073400073FDF2480478002C7ED004F0100018B1D0
:107350000120ED49487070BD04F0010020B100F03B
:10736000CFFE012002F070FD04F0E80000286CD090
:10737000E548007800F00300002869D1E248007871
:1073800000F02800A8B1E048807800F0C00080B983
:1073900002F08EFC0220DC490871084600782028A3
:1073A00007D104F0800020B90846807840F08000C2
:1073B0008870D548007810B90120D349887004F04E
:1073C000400050B1D048007800F0200028B9CE48E5
:1073D000807840F04000CC49887004F0080038B153
:1073E000C948007800F0E00010B91020C6490870C4
:1073F00004F0200050B3062000F0B2FBC2488078B1
:1074000000F08000D0B9C048007840280FD1BE48B5
:10741000807800F0080050B1BB48807820F01C0054
:10742000B94988700846807840F002008870B648F4
:107430000078802802D04020B3490870B248807894
:1074400040F02000B04902E0B2E014E000E08870B3
:1074500004F0800060B1AC480078012805D1AA484A
:10746000807840F00500A84988708020A6490870FF
:10747000E82002F0E9FC04F00200002857D004F0F4
:107480006800002850D1A0480078402818D19E48B4
:10749000807800F0200098B99B48807800F01000B8
:1074A00018B10020984908700AE09748807800F0E9
:1074B000040028B19448807840F008009249887010
:1074C0009148007848B19048007800F0100030B33F
:1074D0008D48807800F0010008B38B4800781028B0
:1074E00009D18948C07A30B18748C07A40F0080095
:1074F0008549C87218E0002083490871FFF72AFB0C
:1075000070B18148807800F0400048B900207E4981
:1075100088700820087001F065FE02F0E3FB03E0CC
:107520000020794988700870022002F08DFC04F078
:107530000400E8B37448007800F0D000D8B1724875
:10754000C078C0B97048807800F0800098B9FFF723
:10755000B9FA6D48007900F0020028B16A488078D5
:1075600040F00100684988706748007920F0060003
:107570006549087128E06448807800F0800050B1C7
:10758000002061490871FFF733FB02F041FBFEF771
:1075900083F8FFF74BFB5C48807800F0200078B15F
:1075A0005948807820F0800057498870084600E0EC
:1075B0000DE0807840F0010088704020087003E002
:1075C0000020514988700870042002F03DFC5048AA
:1075D0000478ECB302F030FC4B48057A04F001006B
:1075E00000B1642504F0020010B105F10A00C5B233
:1075F00004F0040010B1A5F10A00C5B204F00800BF
:1076000008B1681CC5B204F0100008B1681EC5B20C
:10761000C82D01DA284600E0C82005460A2D01DD04
:10762000284600E00A2005463748467A04F0200044
:1076300000B1642604F0400000B1322604F080005E
:1076400000B119263048007AA84205D12E4800E042
:107650000DE0407AB04209D02B48057246720020F6
:1076600029490873FFF7F4FAFFF72CFA00BF2948FD
:107670000478002C71D002F0CFFB2348857A04F007
:10768000010000B1642504F0020010B105F10A0008
:10769000C5B204F0040010B1A5F10A00C5B204F0AF
:1076A000080008B1681CC5B204F0100008B1681EDB
:1076B000C5B2C82D01DA284600E0C82005460A2DCB
:1076C00001DD284600E00A2005460F48807AA842DE
:1076D00009D00D48007940F008000B4908710846B0
:1076E00085720020087304F0200000B3064800787B
:1076F00010281CD10448C07A70B902200249C8720F
:1077000015E00000020000204C00002001000020D5
:1077100003000020040000201F48C07A00F0010090
:1077200028B11D48C07A40F004001B49C87204F01B
:10773000C00030B31848007820B11748007800F036
:107740001800F0B11548067A04F0800040B106F048
:10775000800018B126F0800602E013E046F08006B3
:1077600004F0400038B106F0400010B126F04006A9
:1077700001E046F040063046FCF7F6F9074806728D
:1077800000BF00BF0448007800F0FC0008B101F021
:1077900029FD00BFDFE500004C000020540500205B
:1077A00010B5FFF7B1FD0348807808B1FFF79AFCE8
:1077B00010BD00004C0000202DE9F041564890F823
:1077C000480000F0080040B1FEF77CF828B1012025
:1077D00052490870072000F0C3F95048007800F0C3
:1077E000810030B1022000F0BBF901204B49087044
:1077F00010E000204949087002F0ECFA38B148481E
:10780000007840F0200046490870FFF7C9FF45485E
:1078100002F026FD0025002600BF66E00A2C01D0FC
:107820000D2C34D1FFF7BCFF3C48407808B1BDE8CF
:10783000F08100203B49885505F0010018B10B206C
:1078400000F05AFE20E03748007818B9002000F018
:1078500053FE19E033480078242806D1314802F05D
:1078600041FB074600F048FE0EE02C48007800F08F
:10787000210018B1092000F03FFE05E02948FCF77F
:1078800099FB074600F038FE002500262DE03DB1AB
:10789000292C2AD105F0020008B325F0020524E0C6
:1078A000202C22DD2F2C20D0282C02D145F00205DF
:1078B0001BE03B2C02D145F0040516E04F2E02DB05
:1078C00045F0010511E0612C0ADB7A2C08DCA4F1FB
:1078D0002000C2B23046711CCEB212490A5404E0F4
:1078E0003046711CCEB20F490C5400F0DBFE04464A
:1078F000FF2893D109480078042802D1FEF72AF81E
:1079000003E0FFF7D1FBFFF74BFF04484078002866
:1079100083D000BF8BE70000A03000204C00002087
:1079200001000020D02E00202DE9F74F86B08246BE
:107930008B469BF8000000EB0A0414F8016B002052
:1079400005902D2E04D10120059014F8016B03E061
:107950002B2E01D114F8016B002004900025002784
:10796000804625E0A6F13000C6B2092E15DC781C51
:10797000C7B2082F0BDCB8F1000F01D0681E45B26A
:10798000049800EB800006EB400004900EE0B8F194
:10799000000F0BD1681C45B208E0FE2E05D1B8F1EE
:1079A000000F02D14FF0010800E002E014F8016B73
:1079B000D8E700BF1FB9002009B0BDE8F08F0498D8
:1079C000F8F74CFE814600214846F8F71DFF39D0F4
:1079D0000FE04846F8F7B9FE234A244BCDE90001F1
:1079E000F8F752FDCDE90201F8F7F2FE8146A81C36
:1079F00045B215F1020FECDD002D0EDA4846F8F71E
:107A0000A4FE1B4A1B4BCDE90001F8F73DFDCDE973
:107A10000201F8F7DDFE814614E0002D12DD00BF03
:107A20004846F8F792FE0022134BCDE90001F8F723
:107A30002BFDCDE90201F8F7CBFE8146681E40B26E
:107A4000051EEDDC059820B189F000410898016021
:107A500002E00898C0F80090A4EB0A00401E8BF8E2
:107A600000000120A8E700007B14AE47E17A843FC4
:107A70009A9999999999B93F0000244010B500202E
:107A8000FCF7FAF904460D2C07D1642201210548C0
:107A9000FEF754FD18B9002010BD0020FCE70120BE
:107AA000FAE70000A030002010B5044606A0FFF75A
:107AB00077FA2046FFF77FFA00F070FD4FF4FA7076
:107AC000FCF752F910BD0000414C41524D3A000004
:107AD00010B5044611A0FFF763FA2046FFF760FADD
:107AE00000F036FD14A0FFF75BFA562000F0FEFD13
:107AF0004D2000F0FBFD482000F0F8FD2C2000F0A8
:107B0000F5FDC720FFF757FA2C2000F0EFFDFE200F
:107B1000FFF751FA00F01CFD10BD00005B56455206
:107B20003A312E31663A302E30332E323031393000
:107B30003930333A000000005B4F50543A000000E7
:107B400070B505460C463E2000F0D0FD2846FFF7F4
:107B500027FA3A2000F0CAFD204600F0CDFC70BDA7
:107B600010B504461EA0FFF71BFA0C2C33D2DFE839
:107B700004F032060A0E12161A1E22262A2E1AA007
:107B8000FFF70EFA27E01DA0FFF70AFA23E020A076
:107B9000FFF706FA1FE023A0FFF702FA1BE023A07D
:107BA000FFF7FEF917E024A0FFF7FAF913E025A08C
:107BB000FFF7F6F90FE027A0FFF7F2F90BE027A097
:107BC000FFF7EEF907E02AA0FFF7EAF903E02DA09E
:107BD000FFF7E6F900BF00BF00F0BAFC10BD0000DF
:107BE0005B4D53473A000000526573657420746F13
:107BF00020636F6E74696E75650000002724482746
:107C00007C2724582720746F20756E6C6F636B007F
:107C100043617574696F6E3A20556E6C6F636B6566
:107C200064000000456E61626C65640044697361C4
:107C3000626C656400000000436865636B20446FFC
:107C40006F720000436865636B204C696D697473E3
:107C50000000000050676D20456E6400526573742B
:107C60006F72696E672064656661756C747300007D
:107C7000526573746F72696E67207370696E646C9D
:107C800065000000536C656570696E670000000058
:107C900010B552A0FFF784F9524800788C2809DB10
:107CA00051A0FFF77DF94F4909788A39C8B2FFF72B
:107CB00082F903E04B490878FFF77DF900F05EFC9C
:107CC000484989793631C8B2FFF775F900F056FC9A
:107CD000444909791131C8B2FFF76DF900F04EFC43
:107CE00040498978C1F11501C8B2FFF764F900F085
:107CF00045FC3C49C9785A31C8B2FFF75CF900F03D
:107D00003DFC38494978C1F15E01C8B2FFF753F92B
:107D10003448C079A8B100F039FC3248C079022853
:107D200008D0032802D01E280AD104E0302000F039
:107D3000DDFC05E000BF2B49C879FFF73CF900BF27
:107D400000BF00F023FC2748407A60B1102802D021
:107D500020280CD103E0332000F0C8FC07E03420D9
:107D600000F0C4FC03E0352000F0C0FC00BF00BF01
:107D70001C48007AA0B11B48007A00F0800020B1B6
:107D800000F004FC372000F0B1FC1648007A00F047
:107D9000400050B100F0FAFB382000F0A7FC04E0EE
:107DA00000F0F4FB392000F0A1FC10A0FFF7F8F878
:107DB0000C49087EFFF7FFF80DA0FFF7F1F809491D
:107DC0004869FFF7C7F80BA0FFF7EAF8054908690B
:107DD0000021FFF727F800F0BBFB10BD5B47433ADB
:107DE000470000005405002033382E0020540000C6
:107DF000204600002053000010B50248FFF7D0F8DD
:107E000010BD000004A500082DE9F04174480322CC
:107E1000016B002000F0A3FB714890F836100120A0
:107E200000F0D0FB6E4890F83410022000F0CAFB3E
:107E30006B4890F83510032000F0C4FB684890F8B8
:107E40004800C0F38001042000F0BCFB644890F8B7
:107E50004800C0F38011052000F0B4FB604890F8A2
:107E60004800C109062000F0ADFB5D4890F83710CE
:107E70000A2000F0A7FB5A480322816B0B2000F078
:107E80006EFB57480322C16B0C2000F068FB54487E
:107E900090F8480000F001010D2000F093FB5048DD
:107EA00090F84800C0F34011142000F08BFB4C48C0
:107EB00090F84800C0F3C001152000F083FB48484B
:107EC00090F84800C0F30011162000F07BFB4448F6
:107ED00090F84910172000F075FB41480322C16C4F
:107EE000182000F03CFB3E480322016D192000F0F1
:107EF00036FB3B48B0F854101A2000F063FB3848BA
:107F00000322816D1B2000F02AFB35480022016C02
:107F10001E2000F024FB32480022416C1F2000F09C
:107F20001EFB2F4890F84800C0F34001202000F0CD
:107F300049FB2B480322C16D282000F010FB284884
:107F400090F86010322000F03DFB6425002642E0EE
:107F5000002439E036B1012E0DD0022E15D0032EAB
:107F60002FD121E01E4A52F824102A19D0B2032240
:107F700000F0F5FA25E01A4A0C3252F824102A19BA
:107F8000D0B2032200F0EBFA1BE01549183151F88A
:107F900024001449F8F793F907462919C8B20322B7
:107FA000394600F0DCFA0CE00D48243050F824008B
:107FB00080F000472919C8B20322394600F0CFFAF1
:107FC00000BF00BF601CC4B2032CC3DB05F10A0074
:107FD000C5B2701CC6B2042EBADBBDE8F081000049
:107FE000A03000200000614510B502A0FEF7D8FFC8
:107FF00010BD00000D0A4772626C20312E31663AC6
:10800000302E3033205B27242720666F722068656E
:108010006C705D0D0A0000003EB5002429E0694641
:10802000204600F09FFB18B9072000F065FA3EBD1E
:108030001CA0FEF7B5FF062C02D0072C08D103E0E8
:1080400019A0FEF7ADFF09E018A0FEF7A9FF05E0B3
:1080500004F13601C8B2FEF7AEFF00BF00BF3A2000
:1080600000F044FB684600F061FA00F071FA601C11
:10807000C4B2072CD3DD0EA0FEF792FF0E4800F02D
:1080800055FA00F065FA0DA0FEF78AFF0A49383963
:10809000486CFEF739FF00F05BFA00F013F800BF00
:1080A000C5E700005B4700003238000033300000B5
:1080B0005B4739323A0000008C0500205B544C4F7E
:1080C0003A0000000EB50AA0FEF76AFF0A496846AA
:1080D00001F0E2FE684600F029FA3A2000F006FBC3
:1080E00006494879FEF767FF00F032FA0EBD00003E
:1080F0005B5052423A0000006C0000204C0000200F
:108100002DE9F04389B0CF4A07CA06AB07C306A9D9
:1081100003A801F0C1FE3C2000F0E8FACA4800784C
:10812000082815D007DC78B1012832D0022834D0D5
:1081300004285CD129E010280ED0202821D0402826
:108140002FD0802853D14EE0C0A0FEF729FF4EE08B
:10815000C0A0FEF725FF4AE0BB48807800F0800011
:1081600070B9BDA0FEF71CFFB748807800F0010091
:1081700018B1302000F0BAFA02E0312000F0B6FA6F
:1081800035E0B7A0FEF70CFF31E0B6A0FEF708FF20
:108190002DE0B6A0FEF704FF29E0B6A0FEF700FF31
:1081A00025E0B6A0FEF7FCFEA748807800F00800A6
:1081B00018B1332000F09AFA14E0A348807800F058
:1081C000040060B1A048807800F0200018B1312090
:1081D00000F08CFA06E0302000F088FA02E032204D
:1081E00000F084FA03E0A7A0FEF7DAFE00BF00BFAC
:1081F000A64890F8370000F0010010B19248407B8B
:1082000050BB002426E0A24A52F824100C3A52F83F
:108210002400F7F7CAFF4DF82400022C08D19C4A2D
:10822000383A5DF82400516CF7F7BFFF4DF8240091
:10823000964890F8370000F0010048B95DF8241026
:1082400003AA52F82400F8F702F803A941F8240021
:10825000601CC4B2032CD6DB8C4890F8370000F0C9
:10826000010018B18BA0FEF79BFE02E08BA0FEF789
:1082700097FE03A800F05AF9844890F8370000F000
:10828000020078B187A0FEF78BFEFEF747FC074699
:10829000FEF791FE2C2000F029FA00F0E9F90746DC
:1082A000FEF789FE81A0FEF77BFE00F045FF074642
:1082B000FEF750FE2C2000F019FA634908690021EE
:1082C000FEF7B0FDFDF7FEFA064601F0C7FD0546D4
:1082D000FEF7B8FE804646EA050040EA0800A0B373
:1082E00074A0FEF75DFEB8F1000F02D0502000F040
:1082F000FDF98EB106F0010010B1582000F0F6F93A
:1083000006F0020010B1592000F0F0F906F0040068
:1083100010B15A2000F0EAF9BDB105F0010010B12A
:10832000442000F0E3F905F0020010B1522000F003
:10833000DDF905F0040010B1482000F0D7F905F090
:10834000080010B1532000F0D1F93F48407B0028CD
:1083500005DD3D48407B401E3B49487317E03A48E5
:10836000007800F07C0018B11D203749487302E006
:108370000920354948733448007B10B9012032493F
:1083800008734EA0FEF70CFE684600F0CFF82E48AA
:10839000007B002805DD2C48007B401E2A4908731D
:1083A00047E02948007800F07C0018B113202649E6
:1083B000087302E009202449087342A0FEF7F0FD8B
:1083C0002149087AFEF7F7FD2C2000F08FF91E49AD
:1083D000487AFEF7F0FD2C2000F088F91A49887AD7
:1083E000FEF7E9FD00F0A2FD8146FBF7A5FB07467D
:1083F000B9F1000F00D1DFB134A0FEF7D1FDB9F122
:10840000000F09D0B9F1010F03D1532000F06EF92C
:1084100002E0432000F06AF907F0010010B14620A5
:1084200000F064F907F0020010B14D2000F05EF991
:1084300000BF3E2000F05AF900F0B0F809B0BDE8E6
:10844000F0830000600000204C00002049646C654F
:108450000000000052756E00486F6C643A00000026
:108460004A6F6700486F6D6500000000416C6172E3
:108470006D000000436865636B000000446F6F721D
:108480003A000000536C656570000000A0300020C9
:108490008C0500207C4D506F733A00007C57506F64
:1084A000733A00007C42663A000000007C46533A72
:1084B000000000007C506E3A000000007C57434FE3
:1084C0003A0000007C4F763A000000007C413A0000
:1084D00070B505460C4607A0FEF762FD2846FEF77C
:1084E0006AFD3D2000F002F92046FEF759FD00F03C
:1084F00055F870BD244E000010B504461CB907A005
:10850000FEF74EFD08E007A0FEF74AFD2046FEF705
:1085100052FD00F043F800BF00BF10BD6F6B0D0AA5
:10852000000000006572726F723A000070B5054677
:1085300000240AE055F82400FEF7E6FC022C02DADB
:108540002C2000F0D3F8601CC4B2032CF2DB70BD09
:1085500010B55D2000F0CAF800F020F810BD70B52D
:1085600006460C461546304600F020F829462046BF
:10857000FEF758FC00F012F870BD000010B502A024
:10858000FEF70EFD10BD00002047000010B502A050
:10859000FEF706FD10BD0000204D000010B502A042
:1085A000FEF7FEFC10BD00000D0A000010B50446E9
:1085B000242000F09BF82046FEF7FDFC3D2000F053
:1085C00095F810BD70B505460C462846FFF7EEFF3E
:1085D000E0B2FEF7F0FCFFF7E1FF70BD2DE9F04DD2
:1085E00007460E46F8F778FA04460D463A463346F3
:1085F000F7F747FFDFF86CA0DFF86CB01B4B0746BE
:10860000884616F0004F4FF000020AD0F8F7B0F895
:108610000AD900225B4638464146F8F7C1F81BD21A
:1086200012E0F8F7A5F808D2002253462046294662
:10863000F7F724FF04460D460EE000225B4638465D
:108640004146F8F7ADF807D80022534620462946A0
:10865000F7F773FE04460D463146204665F31E01CA
:10866000BDE8F08D0000F03F0000E03F0000E0BFFB
:108670000948017809480078884206DB07480078F5
:10868000401AC0F1FE00C0B2704704480078081AD2
:10869000401EC0B2F8E700002B0000202A00002096
:1086A000704700000948017809480078884201D1E4
:1086B000FF207047074A505C4A1CD1B2FE2900D106
:1086C0000021024A117000BFF3E700002B000020D8
:1086D0002A000020202F002002480078024908705C
:1086E000704700002A0000202B00002010B504462F
:1086F000204601F06FFE10BD10B5FFF7BFF938B985
:108700000720FFF7F9FEFF2000F060F8FFF77CFB81
:1087100000240DE04FF07E50074941F8240007483F
:1087200050F8241004480C3040F82410601CC4B2E7
:10873000032CEFDB10BD000004310020B830002016
:1087400010B50446502240F2AE312046FDF7F6FE49
:1087500030B900202070204600F0E4F8002010BD61
:108760000120FCE770B505460C4605EB850000EBE3
:10877000C50000F500760C2231462046FDF7DEFEEE
:1087800048B9002020606060A0602146284600F0C3
:1087900088FA002070BD0120FCE770B505460C4644
:1087A00005EB051000EB851000F5407650223146B0
:1087B0002046FDF7C3FE38B9002020702146284628
:1087C00000F05EFA002070BD0120FCE73EB50446D3
:1087D00004F00100002858D04FF07C50464908634F
:1087E000012081F83600002081F83400012081F852
:1087F000350081F83700414888634148C8634148E3
:10880000086400204864032081F849003E48C86499
:108810003E480865FA20A1F854003D4888653D4867
:10882000C865002081F8600081F84800084690F88B
:10883000480040F0080081F84800084690F84800D9
:1088400040F0100081F84800084690F8480040F0D9
:10885000800081F848002B480860486088602E48F6
:10886000C86001462448016141612C482249886161
:1088700001462148C161016229481F4948620146F9
:108880001D488162C16201F0C1FD04F0020070B1B7
:108890000020009001900290002505E069462846DE
:1088A00000F0FFF9681CC5B2072DF7DD00BF04F02A
:1088B000040098B100214FF44070FBF707FB002142
:1088C00040F20130FBF702FB002140F25130FBF790
:1088D000FDFA002140F25230FBF7F8FA04F00800EC
:1088E00048B1002140F2AE30FBF7F0FA002140F22F
:1088F000AF30FBF7EBFA3EBDA03000200AD7233C97
:108900006F12033B00409C450000C84200007A44BF
:108910000000A04000401C4600007A4500C8AF4956
:10892000000016C310B504465022214640F2AE3076
:10893000FDF727FE10BD00002DE9F047824689466D
:108940004846F7F702FF044600221346F7F710FFE8
:1089500002D20420BDE8F087BAF1640F40DBAAF12F
:10896000640000F0FF0A002436E0BAF1030F26DAB3
:1089700034B1012C08D0022C0BD0032C1DD115E0F2
:10898000BC4840F82A9018E0BA480C3040F82A90C9
:1089900013E0B9494846F7F760FC0546B649F7F7D2
:1089A0005CFCB449183141F82A0006E089F0004126
:1089B000B048243040F82A1000BF00BF0EE0601C11
:1089C000C4B2BAF10A0F01DB042C01D10320C1E7C4
:1089D000AAF10A0000F0FF0A042CC6DB00BF45E143
:1089E0004846F7F7B2FE074601F0ACFC0546F7F73C
:1089F00093FEC4B2BAF1150F70D00FDCBAF1150FA7
:108A00006DD2DFE80AF02A35393F45586D6C6C6C41
:108A100085898D936C6C6C6C6C6CA800BAF11B0F23
:108A200074D008DCAAF116000528E9D2DFE800F0CE
:108A3000C3DDE1E5E900BAF1200F68D006DCBAF148
:108A40001E0F71D0BAF11F0F49D1E8E0BAF1280F1B
:108A50006BD0BAF1320FF7D100E188494846F7F7F9
:108A6000D3FE01D2062075E78248C0F83090FBE0C3
:108A7000804880F83640F7E07E4880F8344000F0C7
:108A800027FBF1E07B4880F8354000F021FBEBE06C
:108A900044B1784890F8480040F00400754981F8E6
:108AA000480007E0734890F8480020F0040071493E
:108AB00081F84800D8E044B16E4890F8480040F092
:108AC00040006C4981F8480007E06A4890F8480087
:108AD00020F04000674981F84800C5E056E0C1E059
:108AE00044B1644890F8480040F08000614981F842
:108AF000480007E05F4890F8480020F080005D499A
:108B000081F848000020FEF783FAADE07DE08CE0BC
:108B1000584880F83740A7E05648C0F83890A3E09E
:108B20005448C0F83C909FE073E091E044B1514854
:108B300090F8480040F001004E4981F8480007E0F5
:108B40004C4890F8480020F001004A4981F848005C
:108B500001F0A6FB88E084B1464890F8480000F098
:108B6000100008B90A20F5E6424890F8480040F0A5
:108B70002000404981F8480007E03E4890F848004E
:108B800020F020003B4981F848006DE044B13948AD
:108B900090F8480040F00800364981F8480007E0A6
:108BA000344890F8480020F00800324981F8480025
:108BB000FDF7B4F858E044B12E4890F8480040F072
:108BC00010002C4981F848000EE02A4890F848002F
:108BD00020F01000274981F84800084690F8480026
:108BE00020F0200081F848003EE0224880F849400B
:108BF0003AE02048C0F84C9036E01E48C0F850904B
:108C000032E01C48A0F854402EE01A48C0F85890B2
:108C10002AE01848C0F8409000F096F924E0154882
:108C2000C0F8449000F090F91EE044B1114890F86B
:108C3000480040F002000F4981F8480007E00D4865
:108C400090F8480020F002000A4981F848000BE043
:108C50000848C0F85C90FDF7B8FC05E0054880F8CE
:108C6000604001E0032075E600BF00BF01F0CEFBCD
:108C700000206FE6A0300020000070420AD7233C9D
:108C800070B504460D46FEF717FA04EB041000EB2E
:108C9000841000F54076502229463046FDF771FCDD
:108CA00070BD70B504460D46FEF706FA04EB84006D
:108CB00000EBC40000F500760C2229463046FDF793
:108CC00060FC70BD2DE9F8430446024652486946EF
:108CD000B0EB420F09D94FF0E640B0EB420F94BF22
:108CE00000204FF0FF30009030E04C4B22F000406D
:108CF000834271D94A492046F7F7AFFAF7F71FFECA
:108D00008046F7F7BDFC00F003000090454940465F
:108D1000F7F7A3FA054644494046F7F79EFA064698
:108D200042494046F7F799FA074641494046F7F766
:108D300094FA2146F7F78EFA3946F7F788FA314662
:108D4000F7F785FA2946F7F782FA04462546009C8C
:108D5000002C45DB294614F0010F08461ED0F7F71A
:108D60007CFA05463349F7F778FA3349F7F71DFAE5
:108D70002946F7F772FA3149F7F717FA2946F7F754
:108D80006CFA4FF07E51F7F710FA14F0020F08BF9B
:108D9000BDE8F88380F00040BDE8F883F7F75DFA9E
:108DA00006462749F7F759FA2649F7F753FA3146A5
:108DB000F7F753FA2449F7F7F8F93146F7F74DFA80
:108DC0002946F7F74AFA2946F7F7EFF914F0020FA8
:108DD000E0D1BDE8F883FFE71046FAF761FBB4E79E
:108DE0006800B0F17F4F09D22846FAF7B9FA042893
:108DF00008BFFAF750FB2846BDE8F88306D10120EA
:108E0000FAF712FCBDE8F843FAF741BB2846BDE883
:108E1000F843FAF737BB0000B61F927E490E494669
:108E200083F9223F1A61342C0020A23300A0FD39BF
:108E30000000C93FB93AB2BACA9F2A3DDDFFFFBE62
:108E4000336D4C39DA82083CA0AA2ABE2DE9FC5FBA
:108E500083463149887AF7F706FC80462F4A304B23
:108E6000F7F712FBCDE900015846F7F76EFC06460E
:108E7000DDE90023F7F708FB0446F7F7A9FC834672
:108E8000284A116C506CF7F7C9FC05D92548016CCC
:108E90005846F7F7C3FC06D82248006C1E49086103
:108EA00041F61F4A34E01F48416C5846F7F7ACFCC6
:108EB00014D85846F7F749FC044600221346F7F742
:108EC00057FC04D1002014490861824620E015486F
:108ED000406C114908614FF0010A19E00E48C0F8D2
:108EE00010B01048416C5846F7F7B1F981460E486A
:108EF00001684846F7F7B1F98046F7F726FC0646C1
:108F0000FAF7EAFF0446F7F707FC401C1FFA80FA5D
:108F10005046BDE8FC9F00004C0000207B14AE478B
:108F2000E17A843FA030002030000020002100BF03
:108F300004488068C1B2002008B1022070470120B7
:108F4000FCE70000000C014010B5124A516C106C97
:108F5000F7F77DF9044621460F48F7F7B0F90F49B6
:108F6000086001200E49096A01430D4A116200BFE1
:108F700000BF1046406C20F400401146486400BF1A
:108F800000BF0846006840F00100086000BF00F024
:108F90004DF810BDA030002000F0E045300000206A
:108FA000002C014010B5044600BF0548446300BFD3
:108FB00014B9FAF781F801E0FAF79EF810BD000045
:108FC000002C014070B504460D461548407800B1AC
:108FD00070BD2CB900201249086100F027F81AE092
:108FE000102C04D121010F48F7F70EFF04E04FF4D5
:108FF00080710C48F7F711FF0B4890F8480000F01B
:10900000020010B1202C00D100252846FFF71EFFDA
:109010000646FFF7C7FF00200149087300BFD7E7E6
:109020004C000020000C0140A030002010B5FAF7E1
:1090300043F810BD70B504460D4606480078022876
:1090400000D170BDFEF738F829462046FFF7BAFF79
:1090500000BFF6E74C0000202DE9F04106460F4620
:10906000F7F7E8FC041E0D4618BF0120284320F046
:109070000040C0F17F6000F1E040C00F0ED0301C16
:1090800018BF0120384320F00040C0F17F6000F19C
:10909000E040C00F04BF0120FAF7C6FA2046294677
:1090A000BDE8F08170B50546F7F71AFC044620F0DC
:1090B0000040C0F1FF40C00F08D025F00040C0F1D3
:1090C000FF40C00F04BF0120FAF7AEFA204670BD82
:1090D0000021144A1180144A118000201FE0134916
:1090E00091F8341001228240114039B1104931F811
:1090F00010100C4A128811430A4A11800B4991F84A
:10910000351001228240114039B10A4931F810105E
:10911000054A12881143044A1180411CC8B2032831
:10912000DDDB7047380000203A000020A03000202E
:10913000C6A40008CCA400080448007800F07C0015
:1091400010B10348C06970470020FCE74C000020C4
:10915000C034002010B51C20FAF724F9002017496C
:1091600008700024164890F83600FF2806D11548EC
:10917000007818B914480078802809D1124800787E
:10918000042805D00E4991F83600FAF7EDFD0124C8
:109190000B4890F8480000F0040008B184F0010486
:1091A0002CB14FF400410948F7F737FE04E04FF4C3
:1091B00000410648F7F728FE10BD00003C000020E3
:1091C000A0300020020000204C00002000100140D0
:1091D0000146481CC1B21F2901D100207047084632
:1091E000FCE7000000B597B0FA48007900F00100F4
:1091F00008B117B000BDF7E3F748006800287DD13B
:10920000F448007900F0040020B1FDF7D7FCF249E2
:10921000086003E0FDF79EFCEF490860EE48006837
:1092200000B9E6E7ED48407800F0010018B10020F1
:10923000EA4948709AE0E94800780790FFF7C8FFCC
:10924000E64908700846007800EB8000E44901EB2D
:109250008000E4490860E0480068007C0968087400
:10926000002008900EE0DC480168089851F82000C2
:10927000C100DC480268089842F820100898401C99
:10928000C0B2089008980328EDDBD3480068C06896
:10929000C000D4490968C860CF480068C06807901A
:1092A000F7F7DCF9CD498860CB480068006A079081
:1092B0000846806806900799F7F701F8C749C86023
:1092C0000846C06801460790C748F6F7F8FFC3494B
:1092D000086100204860BF48007900F0020020B912
:1092E0000846407800F00800C0B1BC48406ABB495D
:1092F000C8610846406A0790084600E0A6E1406A57
:1093000006900799F6F7A9FFB34909684861B34881
:10931000407820F00801B148417007E0AE4800688D
:1093200040690790FFF7BEFEAC49C8610020AD4917
:1093300009684874AD4890F8480000F00200A0B1F8
:10934000A5480068407C00F0200070B1A248006889
:10935000C06A014607904FF07E50F6F7B0FF9F4974
:10936000086301209F490968487400BF00209B4999
:10937000886199480068C069014608904FF07C50A8
:10938000F6F79DFF09909348007900F00200D0B3F2
:10939000022092490875904800684069014606908D
:1093A0000998F6F75AFF07908B480068006A014653
:1093B00006900798F6F74EFF089000210898F7F7F7
:1093C00023FA21D284480068C069014604904FF016
:1093D0008040F6F742FF05907F480068006A01462A
:1093E00004900598F6F739FF06907B4800684069BD
:1093F000014605900698F6F72DFF0790FFF752FEFD
:109400007649486205E005E07449089888610020C3
:10941000486214E10021714801756F480068006AD4
:109420006E4988626B48007900F0040018B1002092
:109430000890486207E0FDF7A5FB08900898FFF741
:1094400031FE6649486264480068FDF7BFFA07903C
:1094500007990846F6F701FF06905F4800684069E3
:1094600001900899F6F7F3FE02900999F6F7F5FED8
:10947000039059480068006A014602900398F6F785
:1094800094FE4FF07C510490F6F7E7FE05905248A9
:109490000068406904900699F7F7C0F955D24E4824
:1094A0000068406902900699F6F7D1FE0390099989
:1094B000F6F7D3FE049048480068006A014603901E
:1094C0000498F6F7C7FE454988620846806A00217D
:1094D0000490F7F799F928D80220404908753E48CA
:1094E0000068C069014601904FF08040F6F7B5FE74
:1094F000029039480068006A014601900298F6F728
:10950000ACFE03903448006840690146029003981D
:10951000F6F7A0FE0490FFF7C5FD30494862084603
:10952000407840F00800487088E008990698F6F7FF
:109530008EFE04900999F6F790FE2849C8620798B4
:10954000086203212548017578E000210598F7F7A6
:1095500065F96DD220480068006A014604900598BC
:10956000F7F752F960D208990698F6F770FE049062
:109570000999F6F772FE1949C8620846C06A049054
:109580000599F7F741F933D2144907980862124850
:109590000068406904900699F7F736F903D1012075
:1095A0000E4908754AE00C4800684069014602907F
:1095B0000698F6F74CFE03900999F6F74EFE0490D4
:1095C0000648806A014603900498F6F743FE034973
:1095D000886233E04C00002040000020C0340020AE
:1095E0001C310020440000200000A03FA0300020DB
:1095F000FE49059888620598C862FD480068C06900
:10960000014601904FF08040F6F727FE0290059941
:10961000F6F723FE03900899F6F7C7FD0490FFF7CD
:1096200041FDF249086209E00220F049087505E0B1
:109630000020EE4988620846416A016200BFED4899
:10964000007940F00800EB49087100BFEA48EB4997
:10965000097800EBC1001690E44801781698017172
:10966000E74815900020149015981390E048006882
:10967000006A1090DD480069014609901098F6F7DD
:10968000E6FD0F9000210F98F7F7BEF801D20020F9
:109690000F9000BFD548007D00285DD001287DD007
:1096A00003287CD1D2480068C06909901399F6F765
:1096B000D4FD1190CD48006A0890CC48C06907904D
:1096C0000899F6F7C4FD09901199F7F79DF824D889
:1096D000C648806A1090C548006A0790C348C069B0
:1096E00006900799F6F761FD0990C1480068006A85
:1096F00006901099F6F7ABFD4FF080410790F6F712
:10970000ACFD08900999F6F7DAFD13900121B748EE
:109710000175006AB549C8611DE04FF07C50119990
:10972000F6F79BFD0790B148C0690146069007987F
:10973000F6F790FD08901399F6F78FFD09901099B0
:10974000F6F788FD1090A948C06909901199F6F7BD
:109750007EFDA649C861EBE0A5480068C069099094
:109760001399F6F77AFD11904FF07C501199F6F7A6
:1097700074FD07909D48C069014606900798F6F76A
:1097800014FD08901399F6F768FD09901099F6F703
:1097900061FD10909548806A014601E040E06CE070
:1097A00009901098F7F730F831D29048806A1090FD
:1097B0008E48006A07908D48C06906900799F6F7B1
:1097C000F4FC09908A480068006A06901099F6F740
:1097D0003EFD4FF080410790F6F73FFD0890099954
:1097E000F6F76DFD13908148C06A01460990109804
:1097F000F7F70AF803D102217C48017502E0012144
:109800007A4801757948006A7849C86107E0774865
:10981000C06909901199F6F7C8FC7449C86187E0DE
:109820007248006A08901399F6F717FD099010998D
:10983000F6F710FD12906D48C06A01460990129823
:10984000F6F7E2FF16D26948C06A01460890109800
:10985000F6F7FDFC09906548006A014608900998F2
:10986000F6F72DFD13906148C06A109002215F4801
:10987000017501E0129810905AE05D480068C069D7
:1098800009901399F6F7E9FC11905848C0690990BE
:109890001199F6F7C3FF28D24FF07C501199F6F7D3
:1098A000DCFC07905148C069014606900798F6F71E
:1098B000D1FC08901399F6F7D0FC09901099F6F7AF
:1098C000C9FC129049488069014609901298F6F740
:1098D000A5FF0AD2129810904448C06909901199C6
:1098E000F6F7B5FC4149C86122E04048406A07905C
:1098F0003E48C06906900799F6F757FC09903B4827
:109900008069014606901098F6F7A1FC4FF080415F
:109910000790F6F7A2FC08900999F6F7D0FC13908F
:109920003248806910903148406A3049C86100BFB0
:1099300000BFDDE91310F6F738FC1490DDE91401DF
:10994000F6F762FF05D2DDE91410F6F780FC1390FC
:1099500019E0DDE90F10F6F761FF13D21598F6F75D
:10996000F4FE284A284BCDE90601F6F7E6FCCDE9DE
:109970000801F6F72DFF1590DDE91410F6F767FCE6
:10998000139000E008E0194880690146099010989A
:10999000F6F744FFFFF47EAE00BF1C480068407C31
:1099A00020B91448007900F00800F0B110480068B0
:1099B000407C00F0300058B30D480068006B0990FF
:1099C00012480068407C68B10848006B079007485F
:1099D000C06906900799F6F740FC08900999F6F7D8
:1099E0003CFC0990099814E0F9E022E0C034002022
:1099F000400000204C00002088330020350000206B
:109A00003BB25F3696362F6147F6CB3E44000020CE
:109A100004E0FFF71BFA7649888604E000207549C8
:109A20000861734988867348007920F008007149FD
:109A300008716F48818E1698C1806D48C068099082
:109A40001099F6F70AFC0E900E98F9F7F5FF0D90B5
:109A5000674880680990F9F7EFFF0C90DDE90C0189
:109A6000F6F7F5FB0990F6F724FE81B2169801800F
:109A70001698008860B95F48007900F0020038B19C
:109A80005C48007940F001015A480171FFF7B1BB11
:109A900057484068014609901498F6F786FB1490E1
:109AA0000E990C98F6F7D3FB014609901498F6F737
:109AB00006FC0B9050480B990068F6F7CEFB089017
:109AC000F9F7BAFF0990F6F7F4FD0A904B480068E1
:109AD0004FF4FA51B0FBF1F10A98814203D9002109
:109AE0001698417129E0454800684FF47A61B0FB4F
:109AF000F1F10A98814203D90121169841710FE0D2
:109B00003E4800684FF4FA61B0FBF1F10A988142D7
:109B100003D902211698417102E003211698417180
:109B2000169841790A98C8400A90169800881699A4
:109B30004979884081B2169801800A98B0F5803F33
:109B400004D20A9881B21698418003E04FF6FF7163
:109B5000169841802A4800782A49087028480078D9
:109B6000401CC0B226490870202801D1002008708E
:109B700025491098096808621D490D988860DDE93B
:109B80000D01F6F764FB09900B99F6F766FB18498F
:109B9000486008468069014609901098F6F734FE3F
:109BA0001CD100211098F6F739FE06D21148007931
:109BB00040F001000F49087168E70E48007900F095
:109BC000040030B10B48007940F0010009490871E8
:109BD0005CE700200C490860FCF782FF00BF0B48DF
:109BE00000780749097888427FF406AB00BF4DE74B
:109BF000C03400204C000020200000201400002071
:109C000036000020350000204000002034000020F5
:109C100070B5FFF79FFA38211B48F6F7AEFA3821E6
:109C20001A48F6F7AAFA002018494863184908604C
:109C30001849087018490870012018490870002058
:109C400017490870FFF744FA164800880F498883BF
:109C5000154805781548F8F715FC65F30200044629
:109C600021461248F8F711FC1048F8F70BFC20F0D9
:109C700038000C49097801F0380140EA0104214616
:109C80000A48F8F702FC70BDC03400208834002078
:109C90004000002034000020350000203600002065
:109CA0003C0000203A00002038000020000801405D
:109CB00010B50A48006880B10948407840F00100BA
:109CC000074948700A46D169D069F6F7C6FA0349D0
:109CD0000968486100200149086010BD400000206B
:109CE000C03400202DE9F041274890F8480000F0EA
:109CF000040028B14FF400412448F7F78EF804E03F
:109D00004FF400412148F7F77FF80024002500BFF9
:109D100005E01F4830F834000544601C84B21F2C55
:109D2000F7DD1C4800881C4948831C480068F6F78A
:109D300095FC07461448016B3846F6F78EFA06463E
:109D4000F6F7B7FC144948760846407E411E144891
:109D5000F8F7CAFC1248F8F7E9FB00BF6FF0010002
:109D60000F49086100BF0C48406B4088411E4FF00E
:109D70008040F8F7B9FC4FF08040F8F7D7FB1C2083
:109D8000F9F73BFBBDE8F081A03000200010014056
:109D90008833002038000020883400201C00002078
:109DA0000004004010B54FF08040F8F7BAFB4FF0C8
:109DB0008040F8F7B1FB0648F8F7B3FB0448F8F722
:109DC000ABFB1C20F9F7EEFA1D20F9F7EBFA10BDFA
:109DD0000004004000B500F041F800F0010000BDB3
:109DE00070B50546002411E055F824000021F6F76F
:109DF00015FD07D3074A52F8241055F82400F6F74A
:109E000003FD01D2012070BD601CC4B2032CEBDB4A
:109E10000020F8E7C430002072B600200149087025
:109E200062B670470400002072B600200149087035
:109E300062B670470200002072B600200149087027
:109E400062B670470300002072B603490978814367
:109E5000014A117062B6704701000020002000BF67
:109E60000C4A926891B299B101F010020AB940F01F
:109E7000010001F008020AB940F0020001F00202FC
:109E80000AB940F0040001F001020AB940F00800EC
:109E900070470000000C014070B505460E460024D6
:109EA00007E02146304600F007F845F82400601C22
:109EB000C4B2032CF5DB70BD2DE9F04105460C461C
:109EC00055F82400F6F7C1FB0746054850F8241062
:109ED0003846F6F7F4F906463046BDE8F081000052
:109EE000A03000202DE9FE430446012002904FF0EF
:109EF00000099DF80800205C472822D005DC48B105
:109F000024281DD0432861D11CE04A2805D05828B8
:109F10005CD118E0FDF770FF99E1CE48007830B1D0
:109F2000CC480078202802D00820BDE8FE83A07825
:109F30003D2801D00320F8E72046FAF73BF8F4E784
:109F400000BF00BF00BFA07808B10320EDE7607834
:109F5000242806D0432811D047280CD0582833D1C4
:109F600022E0BC48007800F0180008B10820DCE7C7
:109F7000FDF74AFF28E0FDF78BFE25E0B5480078A5
:109F8000022805D1FCF7ACFA0520FDF7E9FD0AE04F
:109F9000B048007808B10820C7E70220AD49087032
:109FA0000420FDF7DDFD0FE0AA48007801280AD162
:109FB000FFF710FF08B10D20B7E70320FDF7D0FD34
:109FC0000020A449087000BF00BF40E1A14800780C
:109FD00028B1A0480078012801D00820A5E76078C2
:109FE0004E287DD006DC232809D048280ED04928E9
:109FF00077D148E0522879D05328F9D135E0A078BC
:10A0000008B1032091E7FEF707F81EE1924890F8A7
:10A01000480000F0100008B9052086E7FFF7DAFED7
:10A0200008B10D2081E7A07818B90020FCF77EF96F
:10A030001AE0E078B0B9A078582804D0592806D0A2
:10A040005A280CD107E00120FCF770F909E0022042
:10A05000FCF76CF905E00420FCF768F901E0032047
:10A0600063E701E0032060E7EFE0A0784C2804D12B
:10A07000E078502801D1207908B1032055E78020ED
:10A0800000F038F9E1E09DF80800401CC0B20290F1
:10A09000205C30B92046FEF753FB2046FDF718FD43
:10A0A00023E09DF80810481CC0B20290605C3D2877
:10A0B00001D0032039E79DF8089000BF9DF8080003
:10A0C000205C9DF80810A1EB090160549DF8081070
:10A0D000481CC0B20290605C0028EFD1204602E02C
:10A0E0002EE054E002E0FEF71DFCAEE0A07853281D
:10A0F00007D1E078542804D120793D2801D1A079F6
:10A1000008B1032011E76079232808D0242802D061
:10A110002A280CD107E00120FEF758FB09E00220B5
:10A12000FEF754FB05E0FF20FEF750FB01E00320A3
:10A13000FBE600BF0920FDF713FDFCF7D1F984E031
:10A140009DF80800401CC0B20290205CB8B94FF0E6
:10A15000000910E021464846FEF71FFB18B907200A
:10A16000FEF7CAF903E021464846FEF7B1F909F1C6
:10A17000010000F0FF09B9F1020FEBDB65E03548A3
:10A18000007808B10820D0E64FF0010900BF01AA0D
:10A1900002A92046FDF7C8FB08B90220C5E69DF8D4
:10A1A0000810481CC0B20290605C3D2801D003201A
:10A1B000BBE6B9F1000F2BD09DF8089000BF9DF8C9
:10A1C0000800205C9DF80810A1EB090160549DF87F
:10A1D0000810481CC0B20290605C0028EFD12046F5
:10A1E000F9F7E8FE8146B9F1000F01D048469CE638
:10A1F0000198F6F7AAFA074600F0A4F80546F6F724
:10A200008BFA00F0FF0921464846FEF739FD1BE0B6
:10A210006A4602A92046FDF787FB08B9022084E6BA
:10A220009DF80800205C20B90C490198F6F7F6FA71
:10A2300001D2032079E60198F6F73BFAC5B2284629
:10A240000099FEF779FB70E600BF00BF00BF00BFBA
:10A2500000206AE64C000020A030002000007F4370
:10A2600070B50446002518E021462846FEF795FA09
:10A2700030B90020207007212046FDF761FC0AE07C
:10A28000207840B12046F9F795FE06463146204633
:10A29000FDF756FC00BF681CC5B2022DE4DB70BDA3
:10A2A00010B5FCF709FF00200149487310BD0000FC
:10A2B0004C0000207047000072B603490978014342
:10A2C000014A117062B670470400002072B603495B
:10A2D00009780143014A117062B6704702000020FC
:10A2E00072B6034909780143014A117062B670479A
:10A2F0000300002072B6034909780143014A117036
:10A3000062B670470100002010B50948006809498D
:10A31000B0FBF1F00849086005480068F6F79EF9BF
:10A3200004460649F5F799FF0549086010BD00008D
:10A330001400002040420F001C000020000070426A
:10A34000200000202DE9F04107460E46F6F7C4FB39
:10A3500004460D463A463346F6F793F8114F4FF050
:10A36000000216F0004F13460BD0F6F719FA13D27D
:10A3700000223B4620462946F5F7DFFF04460D46FE
:10A380000AE0F6F7F5F907D200223B4620462946B7
:10A39000F6F774F804460D463146204665F31E0173
:10A3A000BDE8F0810000F03F10B500BF0748C0686D
:10A3B00040F020000549C86000BF50210448F5F76F
:10A3C000DCFE034800F016F810BD00000038014024
:10A3D000E000002000BF0649486000BF00BF00BF8A
:10A3E00003490968C1F3C0110029F8D07047000083
:10A3F0000038014000B5024603E012F8010BFFF7F8
:10A40000E9FF10780028F8D100BD704710B50D2184
:10A410000020F9F75BFD642202490120FCF7B1F846
:10A4200010BD0000A0300020000000000404040063
:10A4300000080000000800000800000008000204F6
:10A4400006080A0C00010203040506081C304458E3
:10A450006C800000000000000000010203040607F9
:10A4600008090000000001020304000000000404C9
:10A4700004000008000000080000080000000800B8
:10A48000020406080A0C00010203040506081C3039
:10A4900044586C804000800000080010000000005C
:10A4A0000404040000080000000800000800000088
:10A4B0000800020406080A0C00010203040506084D
:10A4C0001C3044586C800100020004000800100099
:10A4D0002000000400080010000000006E83F9A2B4
:10A4E0002915444ED15727FCC0DD34F5999562DB20
:10A4F0004190433CAB6351FE4869204733324631BB
:10A500000D0A00005B484C503A24242024232024C8
:10A510004720244920244E2024783D76616C202455
:10A520004E783D6C696E6520244A3D6C696E6520ED
:10A5300024534C50202443202458202448207E209B
:10A5400021203F206374726C2D785D0D0A0000009D
:10A5500070A50008000000204C000000083600082C
:10A56000BCA500084C000020BC38000018360008CC
:10A5700000000000000000000000000010000000CB
:10A580000100000000A24A04F8A400080000000036
:10A5900000000000000000000000000000000000BB
:10A5A00000000000000000000000000000000000AB
:0CA5B0000000000000000000000000009F
:04000005080000ED02
:00000001FF
